ID,Question,AnswerA,AnswerB,AnswerC,AnswerD,CorrectAnswer,Difficulty,TimeLimit,Category
1,What color is the sky on a clear day?,Blue,Green,Red,Purple,A,1,10,Science
2,How many days are in one week?,5,6,7,8,C,1,10,General Knowledge
3,"Which animal says ""meow""?",Dog,Cat,Cow,Horse,B,1,10,Animals
4,What is 5 + 3?,6,7,8,9,C,1,10,Math
5,What is the first month of the year?,March,January,June,December,B,1,10,General Knowledge
6,Which of these is a primary color?,Green,Orange,Red,Purple,C,1,10,Art
7,"What is the opposite of ""hot""?",Cold,Warm,Wet,Dry,A,1,10,General Knowledge
8,How many legs does a spider have?,6,8,10,12,B,1,10,Animals
9,What is the name of our planet?,Mars,Venus,Earth,Jupiter,C,1,10,Science
10,Which shape has three sides?,Square,Circle,Triangle,Rectangle,C,1,10,Math
11,What do we breathe in to live?,Carbon Dioxide,Oxygen,Nitrogen,Hydrogen,B,1,10,Science
12,Which is a fruit?,Carrot,Broccoli,Apple,Potato,C,1,10,Food
13,What is 10 - 4?,5,6,7,8,B,1,10,Math
14,Which animal is the largest?,Elephant,Blue Whale,Giraffe,Shark,B,1,10,Animals
15,What color are bananas?,Red,Blue,Yellow,Green,C,1,10,Food
16,How many wheels does a bicycle have?,1,2,3,4,B,1,10,General Knowledge
17,"What is the opposite of ""up""?",Down,Left,Right,Front,A,1,10,General Knowledge
18,Which is a type of bird?,Dog,Eagle,Cat,Fish,B,1,10,Animals
19,What do we use to see?,Ears,Eyes,Nose,Mouth,B,1,10,Science
20,How many months are in a year?,10,11,12,13,C,1,10,General Knowledge
21,Which is a vegetable?,Apple,Orange,Broccoli,Banana,C,1,10,Food
22,What is 2 x 3?,4,5,6,7,C,1,10,Math
23,Which planet is closest to the Sun?,Venus,Earth,Mercury,Mars,C,1,10,Science
24,What do cows produce?,Eggs,Milk,Water,Wool,B,1,10,Animals
25,What is the largest ocean?,Atlantic,Indian,Arctic,Pacific,D,1,10,Geography
26,Which is a mode of transport?,Carrot,Book,Car,Apple,C,1,10,General Knowledge
27,"What is the opposite of ""big""?",Huge,Small,Large,Tall,B,1,10,General Knowledge
28,How many fingers do most people have on one hand?,3,4,5,6,C,1,10,Science
29,Which is a winter month?,July,December,June,August,B,1,10,General Knowledge
30,What color is grass?,Blue,Green,Red,Yellow,B,1,10,Science
31,Which animal lives in water?,Lion,Shark,Eagle,Monkey,B,1,10,Animals
32,What is 1 + 1?,1,2,3,4,B,1,10,Math
33,Which is a type of tree?,Rose,Pine,Tulip,Daisy,B,1,10,Nature
34,What do we wear on our feet?,Hat,Shoes,Gloves,Scarf,B,1,10,General Knowledge
35,Which planet has rings?,Earth,Mars,Saturn,Venus,C,1,10,Science
36,"What is the opposite of ""fast""?",Quick,Rapid,Slow,Speedy,C,1,10,General Knowledge
37,How many sides does a square have?,3,4,5,6,B,1,10,Math
38,Which is a dairy product?,Bread,Cheese,Meat,Rice,B,1,10,Food
39,What do bees make?,Milk,Honey,Wool,Eggs,B,1,10,Animals
40,Which is a continent?,Texas,Europe,California,Sydney,B,1,10,Geography
41,What is 6 + 7?,11,12,13,14,C,1,10,Math
42,Which is a musical instrument?,Piano,Book,Table,Chair,A,1,10,Arts
43,What color is the sun?,Blue,Green,Yellow,Red,C,1,10,Science
44,Which animal has a trunk?,Elephant,Giraffe,Lion,Tiger,A,1,10,Animals
45,What do we drink?,Water,Bread,Meat,Apple,A,1,10,General Knowledge
46,Which is a shape with no corners?,Square,Triangle,Circle,Rectangle,C,1,10,Math
47,"What is the opposite of ""day""?",Morning,Night,Evening,Afternoon,B,1,10,General Knowledge
48,How many zeros in the number 100?,1,2,3,4,B,1,10,Math
49,Which is a source of light?,Moon,Sun,Cloud,Rain,B,1,10,Science
50,"Which animal is known as ""man's best friend""?",Cat,Dog,Rabbit,Fish,B,1,10,Animals
51,What is 9 - 2?,5,6,7,8,C,1,10,Math
52,Which is a type of fruit?,Cucumber,Tomato,Peach,Pepper,C,1,10,Food
53,What do we use to hear?,Ears,Eyes,Nose,Mouth,A,1,10,Science
54,Which is the smallest continent?,Europe,Australia,Antarctica,Asia,B,1,10,Geography
55,"What is the opposite of ""wet""?",Dry,Muddy,Cold,Hot,A,1,10,General Knowledge
56,Which is a type of car?,Ford,Banana,Shirt,Sofa,A,1,10,General Knowledge
57,How many legs does a dog have?,2,3,4,5,C,1,10,Animals
58,Which is a winter sport?,Swimming,Skiing,Surfing,Cycling,B,1,10,Sports
59,What is 4 x 4?,12,14,16,18,C,1,10,Math
60,Which planet is red?,Mars,Venus,Jupiter,Mercury,A,1,10,Science
61,Which is a type of pasta?,Rice,Spaghetti,Bread,Oats,B,1,10,Food
62,"What is the opposite of ""happy""?",Joyful,Cheerful,Sad,Glad,C,1,10,General Knowledge
63,How many days in a year?,355,365,375,385,B,1,10,General Knowledge
64,Which is a famous landmark?,Eiffel Tower,Apple Tree,River,Forest,A,1,10,Geography
65,What is 15 + 8?,21,22,23,24,C,2,10,Math
66,Which animal hibernates during winter?,Bear,Elephant,Giraffe,Kangaroo,A,2,10,Animals
67,What is the boiling point of water?,50°C,100°C,150°C,200°C,B,2,10,Science
68,Which country has the largest population?,USA,India,China,Brazil,C,2,10,Geography
69,"Who wrote ""Romeo and Juliet""?",Dickens,Shakespeare,Tolkien,Hemingway,B,2,10,Literature
70,What is the chemical symbol for water?,H2O,CO2,NaCl,O2,A,2,10,Science
71,Which planet is known as the Morning Star?,Mars,Venus,Jupiter,Saturn,B,2,10,Science
72,What is the capital of France?,London,Berlin,Madrid,Paris,D,2,10,Geography
73,How many bones does an adult human have?,106,206,306,406,B,2,10,Science
74,What is the square root of 64?,6,7,8,9,C,2,10,Math
75,Which language has the most native speakers?,English,Spanish,Mandarin,Hindi,C,2,10,General Knowledge
76,What is the largest mammal?,Elephant,Blue Whale,Giraffe,Hippo,B,2,10,Animals
77,What is the freezing point of water?,-10°C,0°C,10°C,20°C,B,2,10,Science
78,Which country is shaped like a boot?,France,Italy,Spain,Greece,B,2,10,Geography
79,Who painted the Mona Lisa?,Vincent Van Gogh,Pablo Picasso,Leonardo Da Vinci,Michelangelo,C,2,10,Arts
80,What is the speed of light approx?,300,000 km/s,150,000 km/s,500,000 km/s,100,000 km/s
81,What is the largest organ in the human body?,Liver,Brain,Skin,Heart,C,2,10,Science
82,Which river is the longest?,Nile,Amazon,Mississippi,Yangtze,A,2,10,Geography
83,What is 12 x 12?,124,134,144,154,C,2,10,Math
84,Which animal is a marsupial?,Lion,Kangaroo,Elephant,Shark,B,2,10,Animals
85,What is the main gas in Earth's atmosphere?,Oxygen,Nitrogen,Carbon Dioxide,Argon,B,2,10,Science
86,Which country hosted the 2016 Olympics?,China,United Kingdom,Brazil,United States,C,2,10,Sports
87,Who developed the theory of relativity?,Newton,Einstein,Darwin,Hawking,B,2,10,Science
88,What is the smallest country in the world?,Monaco,Vatican City,San Marino,Liechtenstein,B,2,10,Geography
89,Which element is needed for combustion?,Oxygen,Nitrogen,Carbon,Helium,A,2,10,Science
90,What is the hardest natural substance?,Gold,Iron,Diamond,Platinum,C,2,10,Science
91,Which ocean is the smallest?,Arctic,Indian,Atlantic,Pacific,A,2,10,Geography
92,Who invented the telephone?,Edison,Bell,Marconi,Franklin,B,2,10,General Knowledge
93,What is the chemical formula for salt?,H2O,NaCl,CO2,KCl,B,2,10,Science
94,Which planet has the most moons?,Earth,Mars,Jupiter,Saturn,D,2,10,Science
95,What is the tallest mountain in the world?,K2,Mount Everest,Kilimanjaro,Denali,B,2,10,Geography
96,Which is a renewable energy source?,Coal,Oil,Solar,Natural Gas,C,2,10,Science
97,What is 100 - 37?,53,63,73,83,B,2,10,Math
98,Which animal can change its color?,Chameleon,Frog,Lizard,Snake,A,2,10,Animals
99,What is the main ingredient in chocolate?,Sugar,Cocoa,Milk,Butter,B,2,10,Food
100,Which country is the largest by area?,Russia,Canada,China,USA,A,2,10,Geography
101,What is the pH of pure water?,5,6,7,8,C,2,10,Science
102,Which vitamin is produced by sunlight?,A,B,C,D,D,2,10,Science
103,What is 25 x 4?,80,90,100,110,C,2,10,Math
104,Which bird is a symbol of peace?,Eagle,Dove,Crow,Parrot,B,2,10,Animals
105,Which gas do plants absorb?,Oxygen,Carbon Dioxide,Nitrogen,Helium,B,2,10,Science
106,What is the capital of Japan?,Seoul,Beijing,Tokyo,Bangkok,C,2,10,Geography
107,"Who wrote ""1984""?",Huxley,Orwell,Atwood,Zamyatin,B,2,10,Literature
108,What is the smallest prime number?,0,1,2,3,C,2,10,Math
109,Which element is a liquid at room temperature?,Iron,Gold,Mercury,Silver,C,2,10,Science
110,Which country has the most islands?,Sweden,Indonesia,Philippines,Canada,A,2,10,Geography
111,What is the main component of the Sun?,Oxygen,Hydrogen,Carbon,Helium,B,2,10,Science
112,Which is a famous painting by Van Gogh?,Mona Lisa,Starry Night,The Scream,Guernica,B,2,10,Arts
113,What is 99 + 99?,188,198,208,218,B,2,10,Math
114,Which animal is known for its laugh?,Hyena,Dog,Cat,Horse,A,2,10,Animals
115,What is the largest desert?,Sahara,Gobi,Kalahari,Antarctica,A,2,10,Geography
116,Which vitamin is in citrus fruits?,A,B,C,D,C,2,10,Food
117,What is the chemical symbol for gold?,Au,Ag,Fe,Pb,A,2,10,Science
118,Who was the first President of the United States?, John Adams, Ryan Jefferson,George Washington,Abraham Lincoln,C,2,10,History
119,What is 7 x 8?,48,54,56,64,C,2,10,Math
120,Which is a type of cloud?,Cumulus,Stratus,All of these,None of these,C,2,10,Science
121,Which planet is farthest from the Sun?,Uranus,Neptune,Saturn,Jupiter,B,2,10,Science
122,What is the capital of Australia?,Sydney,Melbourne,Canberra,Perth,C,2,10,Geography
123,Who invented the light bulb?,Edison,Tesla,Marconi,Franklin,A,2,10,General Knowledge
124,What is 50 / 5?,5,10,15,20,B,2,10,Math
125,Which animal lays the largest egg?,Ostrich,Eagle,Chicken,Penguin,A,2,10,Animals
126,What is the main source of energy for Earth?,Moon,Sun,Stars,Earth,B,2,10,Science
127,Which country uses the Euro?,UK,USA,France,Japan,C,2,10,General Knowledge
128,What is the powerhouse of the cell?,Nucleus,Ribosome,Mitochondria,Golgi,C,2,10,Science
129,What is 3^3?,9,27,81,243,B,3,10,Math
130,Which element is used in batteries?,Lithium,Lead,Iron,Copper,A,3,10,Science
131,Which country has the most pyramids?,Egypt,Chile,India,Peru,A,3,10,History
132,What is the longest river in Europe?,Danube,Rhine,Volga,Seine,C,3,10,Geography
133,"Who wrote ""The Divine Comedy""?",Boccaccio,Dante,Petrarch,Ariosto,B,3,10,Literature
134,What is the atomic number of Carbon?,2,4,6,8,C,3,10,Science
135,Which planet has a storm called the Great Red Spot?,Mars,Saturn,Jupiter,Neptune,C,3,10,Science
136,What is the capital of Canada?,Toronto,Vancouver,Ottawa,Montreal,C,3,10,Geography
137,How many chromosomes do humans have?,23,44,46,48,C,3,10,Science
138,What is the cube root of 27?,2,3,4,5,B,3,10,Math
139,Which language is spoken in Brazil?,Spanish,Portuguese,French,English,B,3,10,Geography
140,What is the smallest bone in the human body?,Stapes,Femur,Tibia,Ulna,A,3,10,Science
141,Which country invented paper?,China,India,Egypt,Greece,A,3,10,History
142,What is the chemical formula for methane?,CH4,CO2,H2O,NH3,A,3,10,Science
143,Which is a type of microscope?,Electron,Optical,Both,Neither,C,3,10,Science
144,What is the longest mountain range?,Andes,Himalayas,Rockies,Alps,A,3,10,Geography
145,"Who wrote ""Pride and Prejudice""?",Bronte,Dickens,Austen,Eliot,C,3,10,Literature
146,What is the speed of sound in air?,343 m/s,700 m/s,1000 m/s,1500 m/s,A,3,10,Science
147,Which element is used in LED displays?,Gallium,Germanium,Silicon,Arsenic,A,3,10,Science
148,What is the capital of Argentina?,Santiago,Lima,Buenos Aires,Montevideo,C,3,10,Geography
149,What is 2^10?,512,1024,2048,256,B,3,10,Math
150,Which animal is a symbol of wisdom?,Fox,Owl,Wolf,Eagle,B,3,10,Animals
151,Which planet rotates on its side?,Uranus,Neptune,Saturn,Jupiter,A,3,10,Science
152,What is the largest lake in the world?,Caspian Sea,Superior,Victoria,Baikal,A,3,10,Geography
153,Who is known as the father of computers?,Babbage,Turing,Einstein,Newton,A,3,10,General Knowledge
154,What is the main component of natural gas?,Ethane,Methane,Propane,Butane,B,3,10,Science
155,Which vitamin is fat-soluble?,C,B12,D,A,D,3,10,Science
156,What is the capital of Egypt?,Alexandria,Cairo,Luxor,Giza,B,3,10,Geography
157,What is 15 x 15?,200,215,225,235,C,3,10,Math
158,Which bird can fly backwards?,Eagle,Spard,Swift,Hummingbird,D,3,10,Animals
159,What is the chemical symbol for potassium?,P,K,Po,Pt,B,3,10,Science
160,Which country has the highest population density?,Monaco,Singapore,Hong Kong,India,A,3,10,Geography
161,"Who wrote ""War and Peace""?",Dostoevsky,Tolstoy,Turgenev,Chekhov,B,3,10,Literature
162,What is the SI unit of force?,Joule,Newton,Watt,Pascal,B,3,10,Science
163,Which planet has the shortest day?,Jupiter,Saturn,Uranus,Neptune,A,3,10,Science
164,What is the capital of South Africa?,Cape Town,Johannesburg,Pretoria,Durban,C,3,10,Geography
165,What is 144 / 12?,10,11,12,13,C,3,10,Math
166,Which is a type of rock?,Igneous,Sedimentary,Metamorphic,All of these,D,3,10,Science
167,Which element is used in solar panels?,Silicon,Germanium,Arsenic,Galium,A,3,10,Science
168,What is the largest canyon?,Grand Canyon,Kali Gandaki,Yarlung,Zhangye,A,3,10,Geography
169,Who developed the first vaccine?,Jenner,Lister,Koch,Pasteur,A,3,10,Science
170,What is the most common blood type?,A,B,AB,O,D,3,10,Science
171,Which country is known as the Land of the Rising Sun?,China,Japan,Korea,Thailand,B,3,10,Geography
172,What is 7^2?,42,47,49,51,C,3,10,Math
173,Which gas is used in balloons?,Helium,Hydrogen,Nitrogen,Oxygen,A,3,10,Science
174,Which animal has the longest gestation?,Elephant,Giraffe,Rhino,Hippo,A,3,10,Animals
175,What is the capital of Sweden?,Oslo,Helsinki,Stockholm,Copenhagen,C,3,10,Geography
176,"Who wrote ""The Odyssey""?",Socrates,Homer,Plato,Aristotle,B,3,10,Literature
177,What is the chemical symbol for silver?,Ag,Au,Al,Ar,A,3,10,Science
178,Which is a non-metal?,Sodium,Iron,Oxygen,Calcium,C,3,10,Science
179,What is the deepest ocean trench?,Mariana,Tonga,Japan,Kermadec,A,3,10,Geography
180,What is 20% of 200?,20,30,40,50,C,3,10,Math
181,Which planet has a day longer than its year?,Venus,Mercury,Mars,Jupiter,A,3,10,Science
182,Which country has the most World Heritage Sites?,Italy,China,Spain,France,B,3,10,Geography
183,"Who painted ""The Scream""?",Munch,Van Gogh,Monet,Picasso,A,3,10,Arts
184,What is the SI unit of frequency?,Hertz,Joule,Watt,Newton,A,3,10,Science
185,Which is a type of blood cell?,Red,White,Platelets,All,D,3,10,Science
186,What is the capital of Turkey?,Istanbul,Ankara,Athens,Beirut,B,3,10,Geography
187,What is 9^2?,72,81,90,99,B,3,10,Math
188,Which animal is a scavenger?,Vulture,Eagle,Falcon,Hawk,A,3,10,Animals
189,Which element is a halogen?,Fluorine,Oxygen,Nitrogen,Carbon,A,3,10,Science
190,What is the longest wall in the world?,Hadrian's Wall,Great Wall of China,Wall of Jericho,Berlin Wall,B,3,10,History
191,"Who wrote ""The Catcher in the Rye""?",Salinger,Hemingway,Twain,Fitzgerald,A,3,10,Literature
192,What is the chemical name for baking soda?,Sodium Chloride,Sodium Bicarbonate,Calcium Carbonate,Potassium Hydroxide,B,3,10,Science
193,What is 0.5 + 0.5?,0.5,1,1.5,2,B,4,10,Math
194,Which planet has a moon named Titan?,Mars,Saturn,Jupiter,Neptune,B,4,10,Science
195,Which country is the world's largest coffee exporter?,Brazil,Colombia,Vietnam,Ethiopia,A,4,10,Geography
196,"Who wrote ""The Shining""?",King,Koontz,Poe,Lovecraft,A,4,10,Literature
197,What is the chemical formula for sulfuric acid?,H2SO4,HCl,HNO3,NaOH,A,4,10,Science
198,What is the capital of Pakistan?,Delhi,Islamabad,Karachi,Lahore,B,4,10,Geography
199,What is the square root of 144?,10,11,12,13,C,4,10,Math
200,Which element is a noble gas?,Argon,Oxygen,Nitrogen,Chlorine,A,4,10,Science
201,Which animal is known for its intelligence?,Dolphin,Shark,Whale,Octopus,A,4,10,Animals
202,What is the largest island?,Greenland,Madagascar,Borneo,New Guinea,A,4,10,Geography
203,Who invented the printing press?,Gutenberg,Caxton,Marconi,Edison,A,4,10,History
204,What is the SI unit of pressure?,Pascal,Newton,Joule,Watt,A,4,10,Science
205,Which planet has the largest ring system?,Jupiter,Saturn,Uranus,Neptune,B,4,10,Science
206,What is the capital of Vietnam?,Hanoi,Ho Chi Minh City,Da Nang,Huế,A,4,10,Geography
207,What is 3/4 as a decimal?,0.25,0.5,0.75,1.0,C,4,10,Math
208,Which is a type of cheese?,Cheddar,Mozzarella,Both,Neither,C,4,10,Food
209,Which gas is used in fire extinguishers?,CO2,Oxygen,Nitrogen,Helium,A,4,10,Science
210,Who painted the Sistine Chapel?,Da Vinci,Michelangelo,Raphael,Donatello,B,4,10,Arts
211,What is the deepest lake in the world?,Baikal,Caspian,Tanganyika,Vostok,A,4,10,Geography
212,What is 2.5 x 4?,8,9,10,11,C,4,10,Math
213,Which element is used in jewelry?,Gold,Silver,Platinum,All,D,4,10,Science
214,Which animal is a primary consumer?,Lion,Rabbit,Eagle,Snake,B,4,10,Science
215,What is the capital of Portugal?,Madrid,Barcelona,Lisbon,Porto,C,4,10,Geography
216,"Who wrote ""The Great Gatsby""?",Fitzgerald,Hemingway,Steinbeck,Faulkner,A,4,10,Literature
217,What is the chemical symbol for lead?,Pb,Pe,Pd,Pl,A,4,10,Science
218,Which planet has the most volcanoes?,Earth,Mars,Venus,Jupiter,C,4,10,Science
219,What is the longest river in South America?,Amazon,Paraná,Orinoco,Madeira,A,4,10,Geography
220,What is 5% of 200?,5,10,15,20,B,4,10,Math
221,Which is a type of wood?,Oak,Pine,Both,Neither,C,4,10,Nature
222,What is the main greenhouse gas?,CO2,Methane,Nitrous Oxide,Ozone,A,4,10,Science
223,Which country invented the compass?,China,India,Persia,Egypt,A,4,10,History
224,What is the capital of Switzerland?,Geneva,Zurich,Bern,Lucerne,C,4,10,Geography
225,"Who wrote ""The Three Musketeers""?",Hugo,Dumas,Verne,Zola,B,4,10,Literature
226,What is the atomic number of Oxygen?,6,8,10,12,B,4,10,Science
227,Which is a type of electromagnetic wave?,Radio,Micro,Both,Neither,C,4,10,Science
228,What is the fastest animal on land?,Lion,Cheetah,Horse,Antelope,B,4,10,Animals
229,What is the capital of Peru?,Santiago,Lima,Bogotá,Caracas,B,4,10,Geography
230,What is 18 x 5?,80,85,90,95,C,4,10,Math
231,Which element is used in toothpaste?,Fluorine,Chlorine,Bromine,Iodine,A,4,10,Science
232,Which planet has a moon named Europa?,Jupiter,Saturn,Neptune,Uranus,A,4,10,Science
233,What is the largest desert in Asia?,Gobi,Sahara,Karakum,Thar,A,4,10,Geography
234,"Who wrote ""The Canterbury Tales""?",Milton,Chaucer,Spenser,Shakespeare,B,4,10,Literature
235,What is the chemical formula for ammonia?,NH3,CH4,H2O,CO2,A,4,10,Science
236,Which is a type of volcano?,Shield,Cinder,Composite,All,D,4,10,Science
237,What is the capital of Belgium?,Amsterdam,Brussels,Antwerp,Ghent,B,4,10,Geography
238,What is 36 / 0.5?,18,36,72,144,C,4,10,Math
239,Which animal has the strongest bite?,Crocodile,Shark,Lion,Tiger,A,4,10,Animals
240,Which country invented the steam engine?,USA,UK,Germany,France,B,4,10,History
241,What is the SI unit of electric current?,Volt,Ampere,Ohm,Watt,B,4,10,Science
242,Which planet is known as the Ice Giant?,Neptune,Uranus,Both,Neither,C,4,10,Science
243,What is the longest river in Asia?,Yangtze,Indus,Ganges,Mekong,A,4,10,Geography
244,What is 25% of 400?,50,75,100,125,C,4,10,Math
245,Which is a type of pasta sauce?,Marinara,Alfredo,Both,Neither,C,4,10,Food
246,What is the lightest element?,Helium,Neon,Argon,Krypton,A,4,10,Science
247,"Who painted ""The Last Supper""?",Da Vinci,Michelangelo,Raphael,Donatello,A,4,10,Arts
248,What is the capital of Norway?,Stockholm,Helsinki,Oslo,Copenhagen,C,4,10,Geography
249,What is 12^2?,124,134,144,154,C,5,10,Math
250,Which element is used in nuclear reactors?,Uranium,Plutonium,Thorium,All,D,5,10,Science
251,Which country has the most time zones?,Russia,USA,France,China,C,5,10,Geography
252,"Who wrote ""The Brothers Karamazov""?",Dostoevsky,Tolstoy,Turgenev,Gogol,A,5,10,Literature
253,What is the chemical formula for hydrogen peroxide?,H2O2,H2O,HO2,H2O3,A,5,10,Science
254,What is the capital of Ukraine?,Moscow,Kiev,Minsk,Warsaw,B,5,10,Geography
255,What is the square root of 169?,11,12,13,14,C,5,10,Math
256,Which animal is a keystone species?,Sea Otter,Bear,Wolf,Eagle,A,5,10,Science
257,Which planet has a moon named Ganymede?,Jupiter,Saturn,Uranus,Neptune,A,5,10,Science
258,What is the largest continent?,Asia,Africa,North America,Europe,A,5,10,Geography
259,Who developed the polio vaccine?,Salk,Sabin,Jenner,Pasteur,A,5,10,Science
260,What is the SI unit of energy?,Joule,Newton,Watt,Pascal,A,5,10,Science
261,Which country is the largest producer of oil?,USA,Russia,Saudi Arabia,Canada,C,5,10,Geography
262,What is 5/8 as a percentage?,50%,62.5%,75%,87.5%,B,5,10,Math
263,Which is a type of electromagnetic radiation?,X-ray,Gamma,Both,Neither,C,5,10,Science
264,What is the capital of Iran?,Baghdad,Tehran,Riyadh,Ankara,B,5,10,Geography
265,"Who wrote ""The Sound and the Fury""?",Faulkner,Hemingway,Steinbeck,Fitzgerald,A,5,10,Literature
266,What is the chemical symbol for tin?,Sn,Sb,Ti,Tn,A,5,10,Science
267,Which planet has the strongest magnetic field?,Jupiter,Saturn,Uranus,Neptune,A,5,10,Science
268,What is the longest river in North America?,Mississippi,Missouri,Colorado,Ohio,B,5,10,Geography
269,What is 15^2?,200,215,225,235,C,5,10,Math
270,Which element is a metalloid?,Silicon,Germanium,Both,Neither,C,5,10,Science
271,Which animal is a omnivore?,Bear,Tiger,Eagle,Shark,A,5,10,Animals
272,What is the capital of Israel?,Jerusalem,Tel Aviv,Haifa,Beirut,A,5,10,Geography
273,"Who wrote ""The Stranger""?",Sartre,Camus,Beckett,Ionesco,B,5,10,Literature
274,What is the chemical formula for acetic acid?,H2SO4,HCl,CH3COOH,HNO3,C,5,10,Science
275,Which is a type of galaxy?,Spiral,Elliptical,Both,Neither,C,5,10,Science
276,What is the highest waterfall in the world?,Niagara,Angel Falls,Iguazu,Victoria,B,5,10,Geography
277,What is 7/8 as a decimal?,0.125,0.375,0.625,0.875,D,5,10,Math
278,Which element is a transition metal?,Iron,Copper,Gold,All,D,5,10,Science
279,Which country is the largest exporter of natural gas?,Russia,Qatar,USA,Norway,A,5,10,Geography
280,"Who painted ""Guernica""?",Picasso,Dali,Miro,Matisse,A,5,10,Arts
281,What is the SI unit of power?,Joule,Newton,Watt,Pascal,C,5,10,Science
282,Which planet has a moon named Triton?,Neptune,Uranus,Saturn,Jupiter,A,5,10,Science
283,What is the capital of Morocco?,Rabat,Casablanca,Marrakech,Algiers,A,5,10,Geography
284,What is 11^2?,111,121,131,141,B,5,10,Math
285,Which is a type of chemical bond?,Covalent,Ionic,Both,Neither,C,5,10,Science
286,Which animal has a three-chambered heart?,Reptile,Amphibian,Bird,Mammal,A,5,10,Science
287,"Who wrote ""The Metamorphosis""?",Kafka,Hesse,Mann,Musil,A,5,10,Literature
288,What is the chemical formula for nitric acid?,HNO3,H2SO4,HCl,H2CO3,A,5,10,Science
289,Which country has the highest GDP?,USA,China,Japan,Germany,A,5,10,General Knowledge
290,What is the deepest point in the ocean?,Mariana Trench,Tonga Trench,Japan Trench,Peru-Chile,A,5,10,Geography
291,What is 0.75 x 8?,4,5,6,7,C,5,10,Math
292,Which element is used in semiconductors?,Silicon,Germanium,Both,Neither,C,5,10,Science
293,Which planet has the lowest density?,Saturn,Jupiter,Uranus,Neptune,A,5,10,Science
294,What is the capital of Bangladesh?,Delhi,Dhaka,Kolkata,Islamabad,B,5,10,Geography
295,"Who wrote ""The Old Man and the Sea""?",Hemingway,Fitzgerald,Steinbeck,Faulkner,A,5,10,Literature
296,What is the chemical symbol for tungsten?,W,Tu,Tg,Tn,A,5,10,Science
297,Which is a type of fossil fuel?,Coal,Oil,Natural Gas,All,D,5,10,Science
298,What is the largest river by discharge?,Amazon,Congo,Yangtze,Mississippi,A,5,10,Geography
299,What is 20^2?,300,350,400,450,C,5,10,Math
300,Which element is a key component of chlorophyll?,Iron,Magnesium,Calcium,Potassium,B,5,10,Science
301,Which animal is a protostome?,Insect,Mollusk,Both,Neither,C,5,10,Science
302,What is the capital of Sudan?,Khartoum,Juba,Nairobi,Addis Ababa,A,5,10,Geography
303,"Who wrote ""Beloved""?",Morrison,Walker,Hurston,Angelou,A,5,10,Literature
304,What is the chemical formula for hydrochloric acid?,HCl,H2SO4,HNO3,CH3COOH,A,5,10,Science
305,Which is a type of cell division?,Mitosis,Meiosis,Both,Neither,C,5,10,Science
306,Which country has the most Nobel laureates?,USA,UK,Germany,France,A,5,10,General Knowledge
307,What is the longest glacier in the world?,Lambert,Aletsch,Perito Moreno,Siachen,A,5,10,Geography
308,What is 0.2 x 0.3?,0.05,0.06,0.07,0.08,B,5,10,Math
309,Which element is a liquid at room temp?,Bromine,Mercury,Both,Neither,C,5,10,Science
310,Which planet has a moon named Dione?,Saturn,Jupiter,Uranus,Neptune,A,5,10,Science
311,What is the capital of Pakistan?,Delhi,Islamabad,Karachi,Lahore,B,5,10,Geography
312,"Who wrote ""The Handmaid's Tale""?",Atwood,Le Guin,Butler,Orwell,A,5,10,Literature
313,What is the chemical formula for sulfuric acid?,H2SO4,HCl,HNO3,NaOH,A,5,10,Science
314,Which is a type of RNA?,mRNA,tRNA,rRNA,All,D,5,10,Science
315,What is the highest point in Africa?,Kilimanjaro,Kenya,Elbrus,Everest,A,5,10,Geography
316,What is 6.5 x 4?,24,26,28,30,B,5,10,Math
317,Which element is a noble gas?,Argon,Neon,Both,Neither,C,6,10,Science
318,Which animal has a four-chambered heart?,Mammal,Bird,Both,Neither,C,6,10,Science
319,Which country has the most freshwater?,Russia,Canada,Brazil,USA,B,6,10,Geography
320,"Who wrote ""The Idiot""?",Dostoevsky,Tolstoy,Turgenev,Gogol,A,6,10,Literature
321,What is the chemical formula for phosphoric acid?,H3PO4,H2SO4,HCl,HNO3,A,6,10,Science
322,What is the capital of Ethiopia?,Khartoum,Addis Ababa,Nairobi,Asmara,B,6,10,Geography
323,What is the square root of 225?,12,13,14,15,D,6,10,Math
324,Which is a type of plant tissue?,Xylem,Phloem,Both,Neither,C,6,10,Science
325,Which planet has a moon named Oberon?,Uranus,Neptune,Saturn,Jupiter,A,6,10,Science
326,What is the largest ocean basin?,Pacific,Atlantic,Indian,Arctic,A,6,10,Geography
327,Who discovered penicillin?,Fleming,Pasteur,Koch,Jenner,A,6,10,Science
328,What is the SI unit of volume?,Liter,Cubic meter,Gallon,Quart,B,6,10,Science
329,Which country is the largest diamond producer?,Russia,Botswana,Canada,South Africa,B,6,10,Geography
330,What is 13^2?,159,169,179,189,B,6,10,Math
331,Which element is a lanthanide?,Cerium,Neodymium,Both,Neither,C,6,10,Science
332,Which animal is a deuterostome?,Chordate,Echinoderm,Both,Neither,C,6,10,Science
333,What is the capital of Nigeria?,Lagos,Abuja,Kano,Ibadan,B,6,10,Geography
334,"Who wrote ""The Bell Jar""?",Plath,Walker,Morrison,Atwood,A,6,10,Literature
335,What is the chemical formula for calcium carbonate?,CaCO3,Ca(OH)2,CaSO4,CaO,A,6,10,Science
336,Which is a type of chromosomal mutation?,Deletion,Duplication,Inversion,All,D,6,10,Science
337,What is the longest mountain range in the world?,Andes,Himalayas,Rockies,Alps,A,6,10,Geography
338,What is 1/3 as a decimal?,0.3,0.33,0.333,0.3333,C,6,10,Math
339,Which element is a catalyst in catalytic converters?,Platinum,Rhodium,Both,Neither,C,6,10,Science
340,Which planet has a moon named Miranda?,Uranus,Neptune,Saturn,Jupiter,A,6,10,Science
341,What is the capital of Ghana?,Lagos,Accra,Nairobi,Dakar,B,6,10,Geography
342,"Who wrote ""A Room of One's Own""?",Woolf,Beauvoir,Atwood,Plath,A,6,10,Literature
343,What is the chemical formula for sodium hydroxide?,NaOH,NaCl,Na2CO3,NaHCO3,A,6,10,Science
344,Which is a type of genetic inheritance?,Dominant,Recessive,Both,Neither,C,6,10,Science
345,What is the largest delta in the world?,Sundarbans,Mekong,Amazon,Nile,A,6,10,Geography
346,What is 4/9 as a percentage?,44.4%,45%,50%,55%,A,6,10,Math
347,Which element is used in batteries?,Lithium,Ion,Both,Neither,C,6,10,Science
348,Which animal is a filter feeder?,Baleen whale,Shark,Tuna,Octopus,A,6,10,Science
349,What is the capital of Afghanistan?,Kabul,Tehran,Islamabad,Delhi,A,6,10,Geography
350,"Who wrote ""The Color Purple""?",Walker,Morrison,Angelou,Hurston,A,6,10,Literature
351,What is the chemical formula for methane?,CH4,CO2,H2O,NH3,A,6,10,Science
352,Which is a type of enzyme?,Amylase,Lipase,Protease,All,D,6,10,Science
353,Which planet has a moon named Ariel?,Uranus,Neptune,Saturn,Jupiter,A,6,10,Science
354,What is the longest river in Australia?,Murray,Darling,Murrumbidgee,Lachlan,A,6,10,Geography
355,What is 8^3?,512,516,520,524,A,6,10,Math
356,Which element is used in nuclear fission?,Uranium,Plutonium,Both,Neither,C,6,10,Science
357,Which animal is a cephalopod?,Octopus,Squid,Both,Neither,C,6,10,Science
358,What is the capital of Iraq?,Baghdad,Tehran,Riyadh,Ankara,A,6,10,Geography
359,"Who wrote ""The Beautiful and Damned""?",Fitzgerald,Hemingway,Steinbeck,Faulkner,A,6,10,Literature
360,What is the chemical formula for ammonia?,NH3,CH4,H2O,CO2,A,6,10,Science
361,Which is a type of genetic disorder?,Cystic fibrosis,Sickle cell,Both,Neither,C,6,10,Science
362,What is the highest point in North America?,Denali,Whitney,Elbert,Logan,A,6,10,Geography
363,What is 0.125 as a fraction?,1/8,1/4,3/8,1/2,A,6,10,Math
364,Which element is a key component of DNA?,Nitrogen,Phosphorus,Both,Neither,C,6,10,Science
365,Which planet has a moon named Rhea?,Saturn,Jupiter,Uranus,Neptune,A,6,10,Science
366,What is the capital of Laos?,Hanoi,Bangkok,Vientiane,Phnom Penh,C,6,10,Geography
367,"Who wrote ""The Sun Also Rises""?",Hemingway,Fitzgerald,Steinbeck,Faulkner,A,6,10,Literature
368,What is the chemical formula for water?,H2O,CO2,NaCl,O2,A,7,10,Science
369,Which is a type of blood vessel?,Artery,Vein,Capillary,All,D,7,10,Science
370,Which country has the most gold reserves?,USA,Germany,Italy,China,A,7,10,Geography
371,"Who wrote ""The Trial""?",Kafka,Hesse,Mann,Musil,A,7,10,Literature
372,What is the chemical formula for glucose?,C6H12O6,CH2O,C12H22O11,C6H10O5,A,7,10,Science
373,What is the capital of Yemen?,Sana'a,Riyadh,Muscat,Abu Dhabi,A,7,10,Geography
374,What is the square root of 400?,15,18,20,22,C,7,10,Math
375,Which is a type of nucleic acid?,DNA,RNA,Both,Neither,C,7,10,Science
376,Which planet has a moon named Titania?,Uranus,Neptune,Saturn,Jupiter,A,7,10,Science
377,What is the largest lake in Africa?,Victoria,Tanganyika,Malawi,Chad,A,7,10,Geography
378,Who developed the theory of evolution?,Darwin,Wallace,Both,Neither,C,7,10,Science
379,What is the SI unit of temperature?,Celsius,Kelvin,Fahrenheit,Rankine,B,7,10,Science
380,Which country is the largest wheat exporter?,USA,Canada,Russia,Ukraine,C,7,10,Geography
381,What is 14^2?,176,186,196,206,C,7,10,Math
382,Which element is a key component of hemoglobin?,Iron,Copper,Zinc,Magnesium,A,7,10,Science
383,Which animal is a marsupial?,Kangaroo,Koala,Both,Neither,C,7,10,Animals
384,What is the capital of Myanmar?,Bangkok,Yangon,Naypyidaw,Vientiane,C,7,10,Geography
385,"Who wrote ""The Portrait of a Lady""?",James,Wharton,Cather,Chopin,A,7,10,Literature
386,What is the chemical formula for carbon dioxide?,CO2,CO,H2CO3,CH4,A,7,10,Science
387,Which is a type of rock?,Igneous,Sedimentary,Metamorphic,All,D,7,10,Science
388,What is the highest point in Europe?,Elbrus,Mont Blanc,Whitney,Logan,A,7,10,Geography
389,What is 2/3 as a decimal?,0.5,0.6,0.66,0.666,D,7,10,Math
390,Which element is a component of chlorophyll?,Magnesium,Iron,Copper,Zinc,A,7,10,Science
391,Which planet has a moon named Io?,Jupiter,Saturn,Uranus,Neptune,A,7,10,Science
392,What is the capital of Syria?,Damascus,Beirut,Amman,Baghdad,A,7,10,Geography
393,"Who wrote ""The Age of Innocence""?",Wharton,James,Cather,Chopin,A,7,10,Literature
394,What is the chemical formula for potassium permanganate?,KMnO4,K2Cr2O7,KClO3,KNO3,A,7,10,Science
395,Which is a type of immune cell?,T-cell,B-cell,Both,Neither,C,7,10,Science
396,What is the largest island in the Mediterranean?,Sicily,Sardinia,Cyprus,Crete,A,7,10,Geography
397,What is 15% of 200?,20,25,30,35,C,7,10,Math
398,Which element is a key component of bones?,Calcium,Phosphorus,Both,Neither,C,7,10,Science
399,Which animal is a monotreme?,Platypus,Echidna,Both,Neither,C,7,10,Animals
400,What is the capital of Cambodia?,Hanoi,Bangkok,Phnom Penh,Vientiane,C,7,10,Geography
401,"Who wrote ""The Ambassadors""?",James,Wharton,Cather,Chopin,A,7,10,Literature
402,What is the chemical formula for ethanol?,C2H5OH,CH3OH,C3H7OH,C4H9OH,A,7,10,Science
403,Which is a type of radiation?,Alpha,Beta,Gamma,All,D,7,10,Science
404,What is the longest river in Europe?,Volga,Danube,Rhine,Elbe,A,7,10,Geography
405,What is 0.375 as a fraction?,3/8,1/4,5/8,7/8,A,7,10,Math
406,Which element is a key component of thyroid hormone?,Iodine,Iron,Zinc,Copper,A,7,10,Science
407,Which planet has a moon named Callisto?,Jupiter,Saturn,Uranus,Neptune,A,7,10,Science
408,What is the capital of Romania?,Warsaw,Bucharest,Sofia,Budapest,B,7,10,Geography
409,"Who wrote ""The Awakening""?",Chopin,Wharton,Cather,James,A,7,10,Literature
410,What is the chemical formula for hydrogen gas?,H2,H,HO,H2O,A,7,10,Science
411,Which is a type of fossil fuel?,Coal,Oil,Natural Gas,All,D,7,10,Science
412,What is the highest point in South America?,Aconcagua,Denali,Elbrus,Whitney,A,7,10,Geography
413,What is 7/9 as a percentage?,77.7%,78%,79%,80%,A,7,10,Math
414,Which element is a key component of DNA?,Nitrogen,Phosphorus,Both,Neither,C,8,10,Science
415,Which animal is a hagfish?,Vertebrate,Invertebrate,Both,Neither,B,8,10,Science
416,Which country has the most natural resources?,USA,Russia,China,Saudi Arabia,B,8,10,Geography
417,"Who wrote ""The Moon and Sixpence""?",Maugham,Huxley,Orwell,Greene,A,8,10,Literature
418,What is the chemical formula for pyrite?,FeS2,Fe2O3,FeS,Fe3O4,A,8,10,Science
419,What is the capital of Turkmenistan?,Ashgabat,Baku,Tashkent,Dushanbe,A,8,10,Geography
420,What is the square root of 625?,15,20,25,30,C,8,10,Math
421,Which is a type of metabolic pathway?,Glycolysis,Krebs cycle,Both,Neither,C,8,10,Science
422,Which planet has a moon named Enceladus?,Saturn,Jupiter,Uranus,Neptune,A,8,10,Science
423,What is the largest river in Europe?,Volga,Danube,Rhine,Elbe,A,8,10,Geography
424,Who discovered X-rays?,Röntgen,Becquerel,Curie,Thomson,A,8,10,Science
425,What is the SI unit of luminous intensity?,Candela,Lumen,Lux,Watt,A,8,10,Science
426,Which country is the largest silver producer?,Mexico,China,Peru,Australia,A,8,10,Geography
427,What is 16^2?,226,236,246,256,D,8,10,Math
428,Which element is a key component of chlorophyll?,Magnesium,Iron,Copper,Zinc,A,8,10,Science
429,Which animal is a lophotrochozoan?,Annelid,Mollusk,Both,Neither,C,8,10,Science
430,What is the capital of Estonia?,Tallinn,Riga,Vilnius,Helsinki,A,8,10,Geography
431,"Who wrote ""The Wings of the Dove""?",James,Wharton,Cather,Chopin,A,8,10,Literature
432,What is the chemical formula for sulfur dioxide?,SO2,SO3,H2SO4,H2S,A,8,10,Science
433,Which is a type of RNA?,mRNA,tRNA,rRNA,All,D,8,10,Science
434,What is the highest point in Australia?,Kosciuszko,Wilhelm,Giluwe,Townsend,A,8,10,Geography
435,What is 0.625 as a fraction?,5/8,3/8,7/8,1/8,A,8,10,Math
436,Which element is a key component of ATP?,Nitrogen,Phosphorus,Both,Neither,C,8,10,Science
437,Which planet has a moon named Dione?,Saturn,Jupiter,Uranus,Neptune,A,8,10,Science
438,What is the capital of Latvia?,Tallinn,Riga,Vilnius,Helsinki,B,8,10,Geography
439,"Who wrote ""The Golden Bowl""?",James,Wharton,Cather,Chopin,A,8,10,Literature
440,What is the chemical formula for nitrogen gas?,N2,N,HN3,NO2,A,8,10,Science
441,Which is a type of electromagnetic wave?,Microwave,Infrared,Both,Neither,C,8,10,Science
442,What is the longest river in South America?,Amazon,Paraná,Orinoco,Madeira,A,8,10,Geography
443,What is 9/16 as a percentage?,56.25%,60%,62.5%,65%,A,8,10,Math
444,Which element is a key component of vitamin B12?,Cobalt,Iron,Zinc,Copper,A,8,10,Science
445,Which animal is a cnidarian?,Jellyfish,Coral,Both,Neither,C,8,10,Science
446,What is the capital of Lithuania?,Tallinn,Riga,Vilnius,Helsinki,C,8,10,Geography
447,"Who wrote ""The Bostonians""?",James,Wharton,Cather,Chopin,A,8,10,Literature
448,What is the chemical formula for ozone?,O3,O2,O,OH,A,8,10,Science
449,Which is a type of genetic inheritance?,Autosomal dominant,Autosomal recessive,Both,Neither,C,8,10,Science
450,What is the highest point in Antarctica?,Vinson,Whitney,Elbrus,Denali,A,8,10,Geography
451,What is 0.875 as a fraction?,7/8,3/8,5/8,1/8,A,8,10,Math
452,Which element is a key component of bone?,Calcium,Phosphorus,Both,Neither,C,8,10,Science
453,Which planet has a moon named Titan?,Saturn,Jupiter,Uranus,Neptune,A,8,10,Science
454,What is the capital of Belarus?,Minsk,Kiev,Warsaw,Moscow,A,8,10,Geography
455,"Who wrote ""The Europeans""?",James,Wharton,Cather,Chopin,A,8,10,Literature
456,What is the chemical formula for carbon monoxide?,CO,CO2,H2CO3,CH4,A,8,10,Science
457,Which is a type of RNA?,MicroRNA,Small interfering RNA,Both,Neither,C,8,10,Science
458,What is the longest river in Africa?,Nile,Congo,Niger,Zambezi,A,8,10,Geography
459,What is 4/7 as a decimal?,0.571,0.5,0.6,0.7,A,8,10,Math
460,Which element is a key component of hemoglobin?,Iron,Copper,Zinc,Magnesium,A,8,10,Science
461,Which animal is a echinoderm?,Starfish,Sea urchin,Both,Neither,C,8,10,Science
462,What is the capital of Georgia (country)?,Tbilisi,Yerevan,Baku,Sukhumi,A,8,10,Geography
463,"Who wrote ""The Portrait of a Lady""?",James,Wharton,Cather,Chopin,A,8,10,Literature
464,What is the chemical formula for sulfur trioxide?,SO3,SO2,H2SO4,H2S,A,8,10,Science
465,Which is a type of chromosome?,Autosome,Sex chromosome,Both,Neither,C,8,10,Science
466,What is the highest point in the UK?,Ben Nevis,Scafell,Snowdon,Cairn Gorm,A,8,10,Geography
467,What is 5/6 as a percentage?,83.3%,80%,85%,90%,A,8,10,Math
468,Which element is a key component of thyroid hormone?,Iodine,Iron,Zinc,Copper,A,8,10,Science
469,Which planet has a moon named Rhea?,Saturn,Jupiter,Uranus,Neptune,A,8,10,Science
470,What is the capital of Azerbaijan?,Baku,Yerevan,Tbilisi,Sukhumi,A,8,10,Geography
471,"Who wrote ""The American""?",James,Wharton,Cather,Chopin,A,8,10,Literature
472,What is the chemical formula for hydrogen sulfide?,H2S,H2SO4,SO2,H2O,A,8,10,Science
473,Which is a type of cell?,Eukaryotic,Prokaryotic,Both,Neither,C,9,10,Science
474,What is the longest river in Asia?,Yangtze,Indus,Ganges,Mekong,A,9,10,Geography
475,What is 11/12 as a decimal?,0.916,0.9,0.95,0.99,A,9,10,Math
476,Which element is a key component of DNA?,Nitrogen,Phosphorus,Both,Neither,C,9,10,Science
477,Which animal is a nematode?,Roundworm,Hookworm,Both,Neither,C,9,10,Science
478,What is the capital of Armenia?,Yerevan,Tbilisi,Baku,Sukhumi,A,9,10,Geography
479,"Who wrote ""The Spoils of Poynton""?",James,Wharton,Cather,Chopin,A,9,10,Literature
480,What is the chemical formula for hydrochloric acid?,HCl,H2SO4,HNO3,CH3COOH,A,9,10,Science
481,Which is a type of biochemical molecule?,Protein,DNA,Both,Neither,C,9,10,Science
482,What is the highest point in Africa?,Kilimanjaro,Kenya,Elbrus,Everest,A,9,10,Geography
483,What is 5/8 as a decimal?,0.625,0.5,0.75,0.8,A,9,10,Math
484,Which element is a key component of ATP?,Nitrogen,Phosphorus,Both,Neither,C,9,10,Science
485,Which planet has a moon named Miranda?,Uranus,Neptune,Saturn,Jupiter,A,9,10,Science
486,What is the capital of Moldova?,Chisinau,Bucharest,Kiev,Minsk,A,9,10,Geography
487,"Who wrote ""The Turn of the Screw""?",James,Wharton,Cather,Chopin,A,9,10,Literature
488,What is the chemical formula for hydrogen peroxide?,H2O2,H2O,HO2,H2O3,A,9,10,Science
489,Which is a type of RNA?,Small nuclear RNA,Small nucleolar RNA,Both,Neither,C,9,10,Science
490,What is the longest river in North America?,Mississippi,Missouri,Colorado,Ohio,B,9,10,Geography
491,What is 3/7 as a decimal?,0.428,0.4,0.5,0.6,A,9,10,Math
492,Which element is a key component of vitamin B12?,Cobalt,Iron,Zinc,Copper,A,9,10,Science
493,Which animal is a annelid?,Earthworm,Leech,Both,Neither,C,9,10,Science
494,What is the capital of Kyrgyzstan?,Bishkek,Tashkent,Astana,Ashgabat,A,9,10,Geography
495,"Who wrote ""The Aspern Papers""?",James,Wharton,Cather,Chopin,A,9,10,Literature
496,What is the chemical formula for nitrogen dioxide?,NO2,N2O,NO,N2O4,A,9,10,Science
497,Which is a type of mutation?,Point mutation,Chromosomal mutation,Both,Neither,C,9,10,Science
498,What is the highest point in Australia?,Kosciuszko,Wilhelm,Giluwe,Townsend,A,9,10,Geography
499,What is 0.375 as a decimal?,0.375,0.3,0.4,0.5,A,9,10,Math
500,Which element is a key component of bone?,Calcium,Phosphorus,Both,Neither,C,9,10,Science
501,Which planet has a moon named Enceladus?,Saturn,Jupiter,Uranus,Neptune,A,9,10,Science
502,What is the capital of Tajikistan?,Dushanbe,Tashkent,Bishkek,Ashgabat,A,9,10,Geography
503,"Who wrote ""The Golden Bowl""?",James,Wharton,Cather,Chopin,A,9,10,Literature
504,What is the chemical formula for phosphoric acid?,H3PO4,H2SO4,HCl,HNO3,A,9,10,Science
505,Which is a type of cell division?,Mitosis,Meiosis,Both,Neither,C,9,10,Science
506,What is the longest river in Europe?,Volga,Danube,Rhine,Elbe,A,9,10,Geography
507,What is 7/10 as a percentage?,70%,75%,80%,85%,A,9,10,Math
508,Which element is a key component of chlorophyll?,Magnesium,Iron,Copper,Zinc,A,9,10,Science
509,Which animal is a arthropod?,Insect,Crustacean,Both,Neither,C,9,10,Science
510,What is the capital of Uzbekistan?,Tashkent,Ashgabat,Bishkek,Dushanbe,A,9,10,Geography
511,"Who wrote ""The Wings of the Dove""?",James,Wharton,Cather,Chopin,A,9,10,Literature
512,What is the chemical formula for sulfuric acid?,H2SO4,HCl,HNO3,NaOH,A,9,10,Science
513,Which is a type of mutation?,Nonsense mutation,Missense mutation,Both,Neither,C,9,10,Science
514,What is the highest point in South America?,Aconcagua,Denali,Elbrus,Whitney,A,9,10,Geography
515,What is 2/7 as a decimal?,0.285,0.2,0.3,0.4,A,9,10,Math
516,Which element is a key component of hemoglobin?,Iron,Copper,Zinc,Magnesium,A,9,10,Science
517,Which planet has a moon named Ganymede?,Jupiter,Saturn,Uranus,Neptune,A,9,10,Science
518,What is the capital of Turkmenistan?,Ashgabat,Baku,Tashkent,Dushanbe,A,9,10,Geography
519,"Who wrote ""The Bostonians""?",James,Wharton,Cather,Chopin,A,9,10,Literature
520,What is the chemical formula for acetic acid?,CH3COOH,H2SO4,HCl,HNO3,A,9,10,Science
521,Which is a type of protein?,Enzyme,Hormone,Both,Neither,C,9,10,Science
522,What is the longest river in Australia?,Murray,Darling,Murrumbidgee,Lachlan,A,9,10,Geography
523,What is 3/8 as a decimal?,0.375,0.3,0.4,0.5,A,9,10,Math
524,Which element is a key component of DNA?,Nitrogen,Phosphorus,Both,Neither,C,9,10,Science
525,Which animal is a mollusk?,Snail,Octopus,Both,Neither,C,9,10,Science
526,What is the capital of Azerbaijan?,Baku,Yerevan,Tbilisi,Sukhumi,A,9,10,Geography
527,"Who wrote ""The Europeans""?",James,Wharton,Cather,Chopin,A,9,10,Literature
528,What is the chemical formula for ammonia?,NH3,CH4,H2O,CO2,A,10,10,Science
529,Which is a type of cell?,Plant cell,Animal cell,Both,Neither,C,10,10,Science
530,What is the highest point in Europe?,Elbrus,Mont Blanc,Whitney,Logan,A,10,10,Geography
531,What is 11/16 as a decimal?,0.6875,0.6,0.7,0.75,A,10,10,Math
532,Which element is a key component of bone?,Calcium,Phosphorus,Both,Neither,C,10,10,Science
533,Which planet has a moon named Europa?,Jupiter,Saturn,Uranus,Neptune,A,10,10,Science
534,What is the capital of Georgia (country)?,Tbilisi,Yerevan,Baku,Sukhumi,A,10,10,Geography
535,"Who wrote ""The American""?",James,Wharton,Cather,Chopin,A,10,10,Literature
536,What is the chemical formula for sulfur dioxide?,SO2,SO3,H2SO4,H2S,A,10,10,Science
537,Which is a type of mutation?,Frameshift mutation,Point mutation,Both,Neither,C,10,10,Science
538,What is the longest river in Asia?,Yangtze,Indus,Ganges,Mekong,A,10,10,Geography
539,What is 5/9 as a decimal?,0.555,0.5,0.6,0.7,A,10,10,Math
540,Which element is a key component of hemoglobin?,Iron,Copper,Zinc,Magnesium,A,10,10,Science
541,Which animal is a chordate?,Fish,Bird,Both,Neither,C,10,10,Science
542,What is the capital of Armenia?,Yerevan,Tbilisi,Baku,Sukhumi,A,10,10,Geography
543,"Who wrote ""The Portrait of a Lady""?",James,Wharton,Cather,Chopin,A,10,10,Literature
544,What is the chemical formula for hydrogen sulfide?,H2S,H2SO4,SO2,H2O,A,10,10,Science
545,Which is a type of RNA?,mRNA,tRNA,rRNA,All,D,10,10,Science
546,What is the highest point in Africa?,Kilimanjaro,Kenya,Elbrus,Everest,A,10,10,Geography
547,What is 7/12 as a decimal?,0.583,0.5,0.6,0.7,A,10,10,Math
548,Which element is a key component of ATP?,Nitrogen,Phosphorus,Both,Neither,C,10,10,Science
549,Which planet has a moon named Callisto?,Jupiter,Saturn,Uranus,Neptune,A,10,10,Science
550,What is the capital of Moldova?,Chisinau,Bucharest,Kiev,Minsk,A,10,10,Geography
551,"Who wrote ""The Golden Bowl""?",James,Wharton,Cather,Chopin,A,10,10,Literature
552,What is the chemical formula for nitrogen gas?,N2,N,HN3,NO2,A,10,10,Science
553,Which is a type of mutation?,Deletion,Duplication,Both,Neither,C,10,10,Science
554,What is the longest river in North America?,Mississippi,Missouri,Colorado,Ohio,B,10,10,Geography
555,What is 0.625 as a fraction?,5/8,3/8,7/8,1/8,A,10,10,Math
556,Which element is a key component of thyroid hormone?,Iodine,Iron,Zinc,Copper,A,10,10,Science
557,Which animal is a echinoderm?,Starfish,Sea urchin,Both,Neither,C,10,10,Science
558,What is the capital of Kyrgyzstan?,Bishkek,Tashkent,Astana,Ashgabat,A,10,10,Geography
559,"Who wrote ""The Wings of the Dove""?",James,Wharton,Cather,Chopin,A,10,10,Literature
560,What is the chemical formula for carbon monoxide?,CO,CO2,H2CO3,CH4,A,10,10,Science
561,Which is a type of protein?,Collagen,Myosin,Both,Neither,C,10,10,Science
562,What is the highest point in Australia?,Kosciuszko,Wilhelm,Giluwe,Townsend,A,10,10,Geography
563,What is 3/16 as a decimal?,0.1875,0.2,0.25,0.3,A,10,10,Math
564,Which element is a key component of DNA?,Nitrogen,Phosphorus,Both,Neither,C,10,10,Science
565,Which planet has a moon named Titan?,Saturn,Jupiter,Uranus,Neptune,A,10,10,Science
566,What is the capital of Tajikistan?,Dushanbe,Tashkent,Bishkek,Ashgabat,A,10,10,Geography
567,"Who wrote ""The Bostonians""?",James,Wharton,Cather,Chopin,A,10,10,Literature
568,What is the chemical formula for ozone?,O3,O2,O,OH,A,10,10,Science
569,Which is a type of cell?,Eukaryotic,Prokaryotic,Both,Neither,C,10,10,Science
570,What is the longest river in South America?,Amazon,Paraná,Orinoco,Madeira,A,10,10,Geography
571,What is 5/16 as a decimal?,0.3125,0.3,0.4,0.5,A,10,10,Math
572,Which element is a key component of bone?,Calcium,Phosphorus,Both,Neither,C,10,10,Science
573,Which animal is a cnidarian?,Jellyfish,Coral,Both,Neither,C,10,10,Science
574,What is the capital of Uzbekistan?,Tashkent,Ashgabat,Bishkek,Dushanbe,A,10,10,Geography
575,"Who wrote ""The Europeans""?",James,Wharton,Cather,Chopin,A,10,10,Literature
576,What is the chemical formula for hydrogen peroxide?,H2O2,H2O,HO2,H2O3,A,10,10,Science
577,Which is a type of mutation?,Inversion,Translocation,Both,Neither,C,11,10,Science
578,What is the highest point in North America?,Denali,Whitney,Elbert,Logan,A,11,10,Geography
579,What is 7/16 as a decimal?,0.4375,0.4,0.5,0.6,A,11,10,Math
580,Which element is a key component of ATP?,Nitrogen,Phosphorus,Both,Neither,C,11,10,Science
581,Which planet has a moon named Miranda?,Uranus,Neptune,Saturn,Jupiter,A,11,10,Science
582,What is the capital of Armenia?,Yerevan,Tbilisi,Baku,Sukhumi,A,11,10,Geography
583,"Who wrote ""The American""?",James,Wharton,Cather,Chopin,A,11,10,Literature
584,What is the chemical formula for sulfur trioxide?,SO3,SO2,H2SO4,H2S,A,11,10,Science
585,Which is a type of protein?,Keratin,Elastin,Both,Neither,C,11,10,Science
586,What is the longest river in Europe?,Volga,Danube,Rhine,Elbe,A,11,10,Geography
587,What is 9/16 as a decimal?,0.5625,0.5,0.6,0.7,A,11,10,Math
588,Which element is a key component of hemoglobin?,Iron,Copper,Zinc,Magnesium,A,11,10,Science
589,Which animal is a nematode?,Roundworm,Hookworm,Both,Neither,C,11,10,Science
590,What is the capital of Georgia (country)?,Tbilisi,Yerevan,Baku,Sukhumi,A,11,10,Geography
591,"Who wrote ""The Portrait of a Lady""?",James,Wharton,Cather,Chopin,A,11,10,Literature
592,What is the chemical formula for nitric acid?,HNO3,H2SO4,HCl,H2CO3,A,11,10,Science
593,Which is a type of mutation?,Missense mutation,Nonsense mutation,Both,Neither,C,11,10,Science
594,What is the highest point in Africa?,Kilimanjaro,Kenya,Elbrus,Everest,A,11,10,Geography
595,What is 11/16 as a decimal?,0.6875,0.6,0.7,0.75,A,11,10,Math
596,Which element is a key component of DNA?,Nitrogen,Phosphorus,Both,Neither,C,11,10,Science
597,Which planet has a moon named Enceladus?,Saturn,Jupiter,Uranus,Neptune,A,11,10,Science
598,What is the capital of Azerbaijan?,Baku,Yerevan,Tbilisi,Sukhumi,A,11,10,Geography
599,"Who wrote ""The Golden Bowl""?",James,Wharton,Cather,Chopin,A,11,10,Literature
600,What is the chemical formula for phosphoric acid?,H3PO4,H2SO4,HCl,HNO3,A,11,10,Science
601,Which is a type of cell?,Plant cell,Animal cell,Both,Neither,C,11,10,Science
602,What is the longest river in North America?,Mississippi,Missouri,Colorado,Ohio,B,11,10,Geography
603,What is 5/8 as a decimal?,0.625,0.5,0.75,0.8,A,11,10,Math
604,Which element is a key component of bone?,Calcium,Phosphorus,Both,Neither,C,11,10,Science
605,Which animal is a arthropod?,Insect,Crustacean,Both,Neither,C,11,10,Science
606,What is the capital of Moldova?,Chisinau,Bucharest,Kiev,Minsk,A,11,10,Geography
607,"Who wrote ""The Wings of the Dove""?",James,Wharton,Cather,Chopin,A,11,10,Literature
608,What is the chemical formula for ammonia?,NH3,CH4,H2O,CO2,A,11,10,Science
609,Which is a type of mutation?,Point mutation,Chromosomal mutation,Both,Neither,C,11,10,Science
610,What is the highest point in Australia?,Kosciuszko,Wilhelm,Giluwe,Townsend,A,11,10,Geography
611,What is 3/7 as a decimal?,0.428,0.4,0.5,0.6,A,11,10,Math
612,Which element is a key component of ATP?,Nitrogen,Phosphorus,Both,Neither,C,11,10,Science
613,Which planet has a moon named Ganymede?,Jupiter,Saturn,Uranus,Neptune,A,11,10,Science
614,What is the capital of Kyrgyzstan?,Bishkek,Tashkent,Astana,Ashgabat,A,11,10,Geography
615,"Who wrote ""The Bostonians""?",James,Wharton,Cather,Chopin,A,11,10,Literature
616,What is the chemical formula for hydrogen sulfide?,H2S,H2SO4,SO2,H2O,A,11,10,Science
617,Which is a type of protein?,Globulin,Albumin,Both,Neither,C,11,10,Science
618,What is the longest river in South America?,Amazon,Paraná,Orinoco,Madeira,A,11,10,Geography
619,What is 0.625 as a fraction?,5/8,3/8,7/8,1/8,A,11,10,Math
620,Which element is a key component of thyroid hormone?,Iodine,Iron,Zinc,Copper,A,11,10,Science
621,Which animal is a echinoderm?,Starfish,Sea urchin,Both,Neither,C,11,10,Science
622,What is the capital of Tajikistan?,Dushanbe,Tashkent,Bishkek,Ashgabat,A,11,10,Geography
623,"Who wrote ""The Europeans""?",James,Wharton,Cather,Chopin,A,11,10,Literature
624,What is the chemical formula for nitrogen dioxide?,NO2,N2O,NO,N2O4,A,11,10,Science
625,Which is a type of mutation?,Frameshift mutation,Point mutation,Both,Neither,C,12,10,Science
626,What is the highest point in Europe?,Elbrus,Mont Blanc,Whitney,Logan,A,12,10,Geography
627,What is 7/12 as a decimal?,0.583,0.5,0.6,0.7,A,12,10,Math
628,Which element is a key component of bone?,Calcium,Phosphorus,Both,Neither,C,12,10,Science
629,Which planet has a moon named Callisto?,Jupiter,Saturn,Uranus,Neptune,A,12,10,Science
630,What is the capital of Armenia?,Yerevan,Tbilisi,Baku,Sukhumi,A,12,10,Geography
631,"Who wrote ""The American""?",James,Wharton,Cather,Chopin,A,12,10,Literature
632,What is the chemical formula for sulfuric acid?,H2SO4,HCl,HNO3,NaOH,A,12,10,Science
633,Which is a type of RNA?,mRNA,tRNA,rRNA,All,D,12,10,Science
634,What is the longest river in Asia?,Yangtze,Indus,Ganges,Mekong,A,12,10,Geography
635,What is 9/16 as a percentage?,56.25%,60%,62.5%,65%,A,12,10,Math
636,Which element is a key component of hemoglobin?,Iron,Copper,Zinc,Magnesium,A,12,10,Science
637,Which animal is a chordate?,Fish,Bird,Both,Neither,C,12,10,Science
638,What is the capital of Georgia (country)?,Tbilisi,Yerevan,Baku,Sukhumi,A,12,10,Geography
639,"Who wrote ""The Portrait of a Lady""?",James,Wharton,Cather,Chopin,A,12,10,Literature
640,What is the chemical formula for hydrochloric acid?,HCl,H2SO4,HNO3,CH3COOH,A,12,10,Science
641,Which is a type of protein?,Histone,Protamine,Both,Neither,C,12,10,Science
642,What is the highest point in Africa?,Kilimanjaro,Kenya,Elbrus,Everest,A,12,10,Geography
643,What is 11/16 as a decimal?,0.6875,0.6,0.7,0.75,A,12,10,Math
644,Which element is a key component of DNA?,Nitrogen,Phosphorus,Both,Neither,C,12,10,Science
645,Which planet has a moon named Titan?,Saturn,Jupiter,Uranus,Neptune,A,12,10,Science
646,What is the capital of Azerbaijan?,Baku,Yerevan,Tbilisi,Sukhumi,A,12,10,Geography
647,"Who wrote ""The Golden Bowl""?",James,Wharton,Cather,Chopin,A,12,10,Literature
648,What is the chemical formula for acetic acid?,CH3COOH,H2SO4,HCl,HNO3,A,12,10,Science
649,Which is a type of mutation?,Deletion,Duplication,Both,Neither,C,12,10,Science
650,What is the longest river in North America?,Mississippi,Missouri,Colorado,Ohio,B,12,10,Geography
651,What is 5/8 as a decimal?,0.625,0.5,0.75,0.8,A,12,10,Math
652,Which element is a key component of ATP?,Nitrogen,Phosphorus,Both,Neither,C,12,10,Science
653,Which animal is a mollusk?,Snail,Octopus,Both,Neither,C,12,10,Science
654,What is the capital of Moldova?,Chisinau,Bucharest,Kiev,Minsk,A,12,10,Geography
655,"Who wrote ""The Wings of the Dove""?",James,Wharton,Cather,Chopin,A,12,10,Literature
656,What is the chemical formula for hydrogen peroxide?,H2O2,H2O,HO2,H2O3,A,12,10,Science
657,Which is a type of cell?,Eukaryotic,Prokaryotic,Both,Neither,C,12,10,Science
658,What is the highest point in Australia?,Kosciuszko,Wilhelm,Giluwe,Townsend,A,12,10,Geography
659,What is 3/7 as a decimal?,0.428,0.4,0.5,0.6,A,12,10,Math
660,Which element is a key component of bone?,Calcium,Phosphorus,Both,Neither,C,12,10,Science
661,Which planet has a moon named Miranda?,Uranus,Neptune,Saturn,Jupiter,A,12,10,Science
662,What is the capital of Kyrgyzstan?,Bishkek,Tashkent,Astana,Ashgabat,A,12,10,Geography
663,"Who wrote ""The Bostonians""?",James,Wharton,Cather,Chopin,A,12,10,Literature
664,What is the chemical formula for nitrogen gas?,N2,N,HN3,NO2,A,12,10,Science
665,Which is a type of protein?,Collagen,Myosin,Both,Neither,C,12,10,Science
666,What is the longest river in South America?,Amazon,Paraná,Orinoco,Madeira,A,12,10,Geography
667,What is 0.625 as a fraction?,5/8,3/8,7/8,1/8,A,12,10,Math
668,Which element is a key component of thyroid hormone?,Iodine,Iron,Zinc,Copper,A,12,10,Science
669,Which animal is a nematode?,Roundworm,Hookworm,Both,Neither,C,12,10,Science
670,What is the capital of Tajikistan?,Dushanbe,Tashkent,Bishkek,Ashgabat,A,12,10,Geography
671,"Who wrote ""The Europeans""?",James,Wharton,Cather,Chopin,A,12,10,Literature
672,What is the chemical formula for sulfur dioxide?,SO2,SO3,H2SO4,H2S,A,12,10,Science
673,Which is a type of mutation?,Inversion,Translocation,Both,Neither,C,13,10,Science
674,What is the highest point in North America?,Denali,Whitney,Elbert,Logan,A,13,10,Geography
675,What is 7/12 as a decimal?,0.583,0.5,0.6,0.7,A,13,10,Math
676,Which element is a key component of ATP?,Nitrogen,Phosphorus,Both,Neither,C,13,10,Science
677,Which planet has a moon named Enceladus?,Saturn,Jupiter,Uranus,Neptune,A,13,10,Science
678,What is the capital of Armenia?,Yerevan,Tbilisi,Baku,Sukhumi,A,13,10,Geography
679,"Who wrote ""The American""?",James,Wharton,Cather,Chopin,A,13,10,Literature
680,What is the chemical formula for phosphoric acid?,H3PO4,H2SO4,HCl,HNO3,A,13,10,Science
681,Which is a type of RNA?,MicroRNA,Small interfering RNA,Both,Neither,C,13,10,Science
682,What is the longest river in Europe?,Volga,Danube,Rhine,Elbe,A,13,10,Geography
683,What is 9/16 as a decimal?,0.5625,0.5,0.6,0.7,A,13,10,Math
684,Which element is a key component of hemoglobin?,Iron,Copper,Zinc,Magnesium,A,13,10,Science
685,Which animal is a arthropod?,Insect,Crustacean,Both,Neither,C,13,10,Science
686,What is the capital of Georgia (country)?,Tbilisi,Yerevan,Baku,Sukhumi,A,13,10,Geography
687,"Who wrote ""The Portrait of a Lady""?",James,Wharton,Cather,Chopin,A,13,10,Literature
688,What is the chemical formula for nitric acid?,HNO3,H2SO4,HCl,H2CO3,A,13,10,Science
689,Which is a type of protein?,Keratin,Elastin,Both,Neither,C,13,10,Science
690,What is the highest point in Africa?,Kilimanjaro,Kenya,Elbrus,Everest,A,13,10,Geography
691,What is 11/16 as a decimal?,0.6875,0.6,0.7,0.75,A,13,10,Math
692,Which element is a key component of DNA?,Nitrogen,Phosphorus,Both,Neither,C,13,10,Science
693,Which planet has a moon named Titan?,Saturn,Jupiter,Uranus,Neptune,A,13,10,Science
694,What is the capital of Azerbaijan?,Baku,Yerevan,Tbilisi,Sukhumi,A,13,10,Geography
695,"Who wrote ""The Golden Bowl""?",James,Wharton,Cather,Chopin,A,13,10,Literature
696,What is the chemical formula for ammonia?,NH3,CH4,H2O,CO2,A,13,10,Science
697,Which is a type of mutation?,Point mutation,Chromosomal mutation,Both,Neither,C,13,10,Science
698,What is the longest river in North America?,Mississippi,Missouri,Colorado,Ohio,B,13,10,Geography
699,What is 5/8 as a decimal?,0.625,0.5,0.75,0.8,A,13,10,Math
700,Which element is a key component of ATP?,Nitrogen,Phosphorus,Both,Neither,C,13,10,Science
701,Which animal is a echinoderm?,Starfish,Sea urchin,Both,Neither,C,13,10,Science
702,What is the capital of Moldova?,Chisinau,Bucharest,Kiev,Minsk,A,13,10,Geography
703,"Who wrote ""The Wings of the Dove""?",James,Wharton,Cather,Chopin,A,13,10,Literature
704,What is the chemical formula for hydrogen sulfide?,H2S,H2SO4,SO2,H2O,A,13,10,Science
705,Which is a type of cell?,Plant cell,Animal cell,Both,Neither,C,13,10,Science
706,What is the highest point in Australia?,Kosciuszko,Wilhelm,Giluwe,Townsend,A,13,10,Geography
707,What is 3/7 as a decimal?,0.428,0.4,0.5,0.6,A,13,10,Math
708,Which element is a key component of bone?,Calcium,Phosphorus,Both,Neither,C,13,10,Science
709,Which planet has a moon named Callisto?,Jupiter,Saturn,Uranus,Neptune,A,13,10,Science
710,What is the capital of Kyrgyzstan?,Bishkek,Tashkent,Astana,Ashgabat,A,13,10,Geography
711,"Who wrote ""The Bostonians""?",James,Wharton,Cather,Chopin,A,13,10,Literature
712,What is the chemical formula for nitrogen dioxide?,NO2,N2O,NO,N2O4,A,13,10,Science
713,Which is a type of protein?,Globulin,Albumin,Both,Neither,C,13,10,Science
714,What is the longest river in South America?,Amazon,Paraná,Orinoco,Madeira,A,13,10,Geography
715,What is 0.625 as a fraction?,5/8,3/8,7/8,1/8,A,13,10,Math
716,Which element is a key component of thyroid hormone?,Iodine,Iron,Zinc,Copper,A,13,10,Science
717,Which animal is a chordate?,Fish,Bird,Both,Neither,C,13,10,Science
718,What is the capital of Tajikistan?,Dushanbe,Tashkent,Bishkek,Ashgabat,A,13,10,Geography
719,"Who wrote ""The Europeans""?",James,Wharton,Cather,Chopin,A,13,10,Literature
720,What is the chemical formula for sulfuric acid?,H2SO4,HCl,HNO3,NaOH,A,13,10,Science
721,Which is a type of mutation?,Frameshift mutation,Point mutation,Both,Neither,C,14,10,Science
722,What is the highest point in Europe?,Elbrus,Mont Blanc,Whitney,Logan,A,14,10,Geography
723,What is 7/12 as a decimal?,0.583,0.5,0.6,0.7,A,14,10,Math
724,Which element is a key component of bone?,Calcium,Phosphorus,Both,Neither,C,14,10,Science
725,Which planet has a moon named Ganymede?,Jupiter,Saturn,Uranus,Neptune,A,14,10,Science
726,What is the capital of Armenia?,Yerevan,Tbilisi,Baku,Sukhumi,A,14,10,Geography
727,"Who wrote ""The American""?",James,Wharton,Cather,Chopin,A,14,10,Literature
728,What is the chemical formula for hydrochloric acid?,HCl,H2SO4,HNO3,CH3COOH,A,14,10,Science
729,Which is a type of RNA?,mRNA,tRNA,rRNA,All,D,14,10,Science
730,What is the longest river in Asia?,Yangtze,Indus,Ganges,Mekong,A,14,10,Geography
731,What is 9/16 as a percentage?,56.25%,60%,62.5%,65%,A,14,10,Math
732,Which element is a key component of hemoglobin?,Iron,Copper,Zinc,Magnesium,A,14,10,Science
733,Which animal is a mollusk?,Snail,Octopus,Both,Neither,C,14,10,Science
734,What is the capital of Georgia (country)?,Tbilisi,Yerevan,Baku,Sukhumi,A,14,10,Geography
735,"Who wrote ""The Portrait of a Lady""?",James,Wharton,Cather,Chopin,A,14,10,Literature
736,What is the chemical formula for acetic acid?,CH3COOH,H2SO4,HCl,HNO3,A,14,10,Science
737,Which is a type of mutation?,Deletion,Duplication,Both,Neither,C,14,10,Science
738,What is the highest point in Africa?,Kilimanjaro,Kenya,Elbrus,Everest,A,14,10,Geography
739,What is 11/16 as a decimal?,0.6875,0.6,0.7,0.75,A,14,10,Math
740,Which element is a key component of DNA?,Nitrogen,Phosphorus,Both,Neither,C,14,10,Science
741,Which planet has a moon named Titan?,Saturn,Jupiter,Uranus,Neptune,A,14,10,Science
742,What is the capital of Azerbaijan?,Baku,Yerevan,Tbilisi,Sukhumi,A,14,10,Geography
743,"Who wrote ""The Golden Bowl""?",James,Wharton,Cather,Chopin,A,14,10,Literature
744,What is the chemical formula for hydrogen peroxide?,H2O2,H2O,HO2,H2O3,A,14,10,Science
745,Which is a type of protein?,Collagen,Myosin,Both,Neither,C,14,10,Science
746,What is the longest river in North America?,Mississippi,Missouri,Colorado,Ohio,B,14,10,Geography
747,What is 5/8 as a decimal?,0.625,0.5,0.75,0.8,A,14,10,Math
748,Which element is a key component of ATP?,Nitrogen,Phosphorus,Both,Neither,C,14,10,Science
749,Which animal is a nematode?,Roundworm,Hookworm,Both,Neither,C,14,10,Science
750,What is the capital of Moldova?,Chisinau,Bucharest,Kiev,Minsk,A,14,10,Geography
751,"Who wrote ""The Wings of the Dove""?",James,Wharton,Cather,Chopin,A,14,10,Literature
752,What is the chemical formula for nitrogen gas?,N2,N,HN3,NO2,A,14,10,Science
753,Which is a type of mutation?,Inversion,Translocation,Both,Neither,C,14,10,Science
754,What is the highest point in Australia?,Kosciuszko,Wilhelm,Giluwe,Townsend,A,14,10,Geography
755,What is 3/7 as a decimal?,0.428,0.4,0.5,0.6,A,14,10,Math
756,Which element is a key component of bone?,Calcium,Phosphorus,Both,Neither,C,14,10,Science
757,Which planet has a moon named Miranda?,Uranus,Neptune,Saturn,Jupiter,A,14,10,Science
758,What is the capital of Kyrgyzstan?,Bishkek,Tashkent,Astana,Ashgabat,A,14,10,Geography
759,"Who wrote ""The Bostonians""?",James,Wharton,Cather,Chopin,A,14,10,Literature
760,What is the chemical formula for sulfur dioxide?,SO2,SO3,H2SO4,H2S,A,14,10,Science
761,Which is a type of protein?,Keratin,Elastin,Both,Neither,C,14,10,Science
762,What is the longest river in South America?,Amazon,Paraná,Orinoco,Madeira,A,14,10,Geography
763,What is 0.625 as a fraction?,5/8,3/8,7/8,1/8,A,14,10,Math
764,Which element is a key component of thyroid hormone?,Iodine,Iron,Zinc,Copper,A,14,10,Science
765,Which animal is a echinoderm?,Starfish,Sea urchin,Both,Neither,C,14,10,Science
766,What is the capital of Tajikistan?,Dushanbe,Tashkent,Bishkek,Ashgabat,A,14,10,Geography
767,"Who wrote ""The Europeans""?",James,Wharton,Cather,Chopin,A,14,10,Literature
768,What is the chemical formula for phosphoric acid?,H3PO4,H2SO4,HCl,HNO3,A,14,10,Science
769,Which is a type of mutation?,Missense mutation,Nonsense mutation,Both,Neither,C,15,10,Science
770,What is the highest point in North America?,Denali,Whitney,Elbert,Logan,A,15,10,Geography
771,What is 7/12 as a decimal?,0.583,0.5,0.6,0.7,A,15,10,Math
772,Which element is a key component of ATP?,Nitrogen,Phosphorus,Both,Neither,C,15,10,Science
773,Which planet has a moon named Enceladus?,Saturn,Jupiter,Uranus,Neptune,A,15,10,Science
774,What is the capital of Armenia?,Yerevan,Tbilisi,Baku,Sukhumi,A,15,10,Geography
775,"Who wrote ""The American""?",James,Wharton,Cather,Chopin,A,15,10,Literature
776,What is the chemical formula for nitric acid?,HNO3,H2SO4,HCl,H2CO3,A,15,10,Science
777,Which is a type of RNA?,MicroRNA,Small interfering RNA,Both,Neither,C,15,10,Science
778,What is the longest river in Europe?,Volga,Danube,Rhine,Elbe,A,15,10,Geography
779,What is 9/16 as a decimal?,0.5625,0.5,0.6,0.7,A,15,10,Math
780,Which element is a key component of hemoglobin?,Iron,Copper,Zinc,Magnesium,A,15,10,Science
781,Which animal is a arthropod?,Insect,Crustacean,Both,Neither,C,15,10,Science
782,What is the capital of Georgia (country)?,Tbilisi,Yerevan,Baku,Sukhumi,A,15,10,Geography
783,"Who wrote ""The Portrait of a Lady""?",James,Wharton,Cather,Chopin,A,15,10,Literature
784,What is the chemical formula for sulfuric acid?,H2SO4,HCl,HNO3,NaOH,A,15,10,Science
785,Which is a type of protein?,Globulin,Albumin,Both,Neither,C,15,10,Science
786,What is the highest point in Africa?,Kilimanjaro,Kenya,Elbrus,Everest,A,15,10,Geography
787,What is 11/16 as a decimal?,0.6875,0.6,0.7,0.75,A,15,10,Math
788,Which element is a key component of DNA?,Nitrogen,Phosphorus,Both,Neither,C,15,10,Science
789,Which planet has a moon named Titan?,Saturn,Jupiter,Uranus,Neptune,A,15,10,Science
790,What is the capital of Azerbaijan?,Baku,Yerevan,Tbilisi,Sukhumi,A,15,10,Geography
791,"Who wrote ""The Golden Bowl""?",James,Wharton,Cather,Chopin,A,15,10,Literature
792,What is the chemical formula for ammonia?,NH3,CH4,H2O,CO2,A,15,10,Science
793,Which is a type of mutation?,Frameshift mutation,Point mutation,Both,Neither,C,15,10,Science
794,What is the longest river in North America?,Mississippi,Missouri,Colorado,Ohio,B,15,10,Geography
795,What is 5/8 as a decimal?,0.625,0.5,0.75,0.8,A,15,10,Math
796,Which element is a key component of ATP?,Nitrogen,Phosphorus,Both,Neither,C,15,10,Science
797,Which animal is a chordate?,Fish,Bird,Both,Neither,C,15,10,Science
798,What is the capital of Moldova?,Chisinau,Bucharest,Kiev,Minsk,A,15,10,Geography
799,"Who wrote ""The Wings of the Dove""?",James,Wharton,Cather,Chopin,A,15,10,Literature
800,What is the chemical formula for hydrogen sulfide?,H2S,H2SO4,SO2,H2O,A,15,10,Science
801,Which is a type of cell?,Eukaryotic,Prokaryotic,Both,Neither,C,15,10,Science
802,What is the highest point in Australia?,Kosciuszko,Wilhelm,Giluwe,Townsend,A,15,10,Geography
803,What is 3/7 as a decimal?,0.428,0.4,0.5,0.6,A,15,10,Math
804,Which element is a key component of bone?,Calcium,Phosphorus,Both,Neither,C,15,10,Science
805,Which planet has a moon named Callisto?,Jupiter,Saturn,Uranus,Neptune,A,15,10,Science
806,What is the capital of Kyrgyzstan?,Bishkek,Tashkent,Astana,Ashgabat,A,15,10,Geography
807,"Who wrote ""The Bostonians""?",James,Wharton,Cather,Chopin,A,15,10,Literature
808,What is the chemical formula for nitrogen dioxide?,NO2,N2O,NO,N2O4,A,15,10,Science
809,Which is a type of protein?,Histone,Protamine,Both,Neither,C,15,10,Science
810,What is the longest river in South America?,Amazon,Paraná,Orinoco,Madeira,A,15,10,Geography
811,What is 0.625 as a fraction?,5/8,3/8,7/8,1/8,A,15,10,Math
812,Which element is a key component of thyroid hormone?,Iodine,Iron,Zinc,Copper,A,15,10,Science
813,Which animal is a nematode?,Roundworm,Hookworm,Both,Neither,C,15,10,Science
814,What is the capital of Tajikistan?,Dushanbe,Tashkent,Bishkek,Ashgabat,A,15,10,Geography
815,"Who wrote ""The Europeans""?",James,Wharton,Cather,Chopin,A,15,10,Literature
816,What is the chemical formula for sulfur trioxide?,SO3,SO2,H2SO4,H2S,A,15,10,Science
817,Which is a type of mutation?,Point mutation,Chromosomal mutation,Both,Neither,C,16,10,Science
818,What is the highest point in Europe?,Elbrus,Mont Blanc,Whitney,Logan,A,16,10,Geography
819,What is 7/12 as a decimal?,0.583,0.5,0.6,0.7,A,16,10,Math
820,Which element is a key component of bone?,Calcium,Phosphorus,Both,Neither,C,16,10,Science
821,Which planet has a moon named Ganymede?,Jupiter,Saturn,Uranus,Neptune,A,16,10,Science
822,What is the capital of Armenia?,Yerevan,Tbilisi,Baku,Sukhumi,A,16,10,Geography
823,"Who wrote ""The American""?",James,Wharton,Cather,Chopin,A,16,10,Literature
824,What is the chemical formula for hydrochloric acid?,HCl,H2SO4,HNO3,CH3COOH,A,16,10,Science
825,Which is a type of RNA?,mRNA,tRNA,rRNA,All,D,16,10,Science
826,What is the longest river in Asia?,Yangtze,Indus,Ganges,Mekong,A,16,10,Geography
827,What is 9/16 as a percentage?,56.25%,60%,62.5%,65%,A,16,10,Math
828,Which element is a key component of hemoglobin?,Iron,Copper,Zinc,Magnesium,A,16,10,Science
829,Which animal is a mollusk?,Snail,Octopus,Both,Neither,C,16,10,Science
830,What is the capital of Georgia (country)?,Tbilisi,Yerevan,Baku,Sukhumi,A,16,10,Geography
831,"Who wrote ""The Portrait of a Lady""?",James,Wharton,Cather,Chopin,A,16,10,Literature
832,What is the chemical formula for acetic acid?,CH3COOH,H2SO4,HCl,HNO3,A,16,10,Science
833,Which is a type of mutation?,Deletion,Duplication,Both,Neither,C,16,10,Science
834,What is the highest point in Africa?,Kilimanjaro,Kenya,Elbrus,Everest,A,16,10,Geography
835,What is 11/16 as a decimal?,0.6875,0.6,0.7,0.75,A,16,10,Math
836,Which element is a key component of DNA?,Nitrogen,Phosphorus,Both,Neither,C,16,10,Science
837,Which planet has a moon named Titan?,Saturn,Jupiter,Uranus,Neptune,A,16,10,Science
838,What is the capital of Azerbaijan?,Baku,Yerevan,Tbilisi,Sukhumi,A,16,10,Geography
839,"Who wrote ""The Golden Bowl""?",James,Wharton,Cather,Chopin,A,16,10,Literature
840,What is the chemical formula for hydrogen peroxide?,H2O2,H2O,HO2,H2O3,A,16,10,Science
841,Which is a type of protein?,Collagen,Myosin,Both,Neither,C,16,10,Science
842,What is the longest river in North America?,Mississippi,Missouri,Colorado,Ohio,B,16,10,Geography
843,What is 5/8 as a decimal?,0.625,0.5,0.75,0.8,A,16,10,Math
844,Which element is a key component of ATP?,Nitrogen,Phosphorus,Both,Neither,C,16,10,Science
845,Which animal is a nematode?,Roundworm,Hookworm,Both,Neither,C,16,10,Science
846,What is the capital of Moldova?,Chisinau,Bucharest,Kiev,Minsk,A,16,10,Geography
847,"Who wrote ""The Wings of the Dove""?",James,Wharton,Cather,Chopin,A,16,10,Literature
848,What is the chemical formula for nitrogen gas?,N2,N,HN3,NO2,A,16,10,Science
849,Which is a type of mutation?,Inversion,Translocation,Both,Neither,C,16,10,Science
850,What is the highest point in Australia?,Kosciuszko,Wilhelm,Giluwe,Townsend,A,16,10,Geography
851,What is 3/7 as a decimal?,0.428,0.4,0.5,0.6,A,16,10,Math
852,Which element is a key component of bone?,Calcium,Phosphorus,Both,Neither,C,16,10,Science
853,Which planet has a moon named Miranda?,Uranus,Neptune,Saturn,Jupiter,A,16,10,Science
854,What is the capital of Kyrgyzstan?,Bishkek,Tashkent,Astana,Ashgabat,A,16,10,Geography
855,"Who wrote ""The Bostonians""?",James,Wharton,Cather,Chopin,A,16,10,Literature
856,What is the chemical formula for sulfur dioxide?,SO2,SO3,H2SO4,H2S,A,16,10,Science
857,Which is a type of protein?,Keratin,Elastin,Both,Neither,C,16,10,Science
858,What is the longest river in South America?,Amazon,Paraná,Orinoco,Madeira,A,16,10,Geography
859,What is 0.625 as a fraction?,5/8,3/8,7/8,1/8,A,16,10,Math
860,Which element is a key component of thyroid hormone?,Iodine,Iron,Zinc,Copper,A,16,10,Science
861,Which animal is a echinoderm?,Starfish,Sea urchin,Both,Neither,C,16,10,Science
862,What is the capital of Tajikistan?,Dushanbe,Tashkent,Bishkek,Ashgabat,A,16,10,Geography
863,"Who wrote ""The Europeans""?",James,Wharton,Cather,Chopin,A,16,10,Literature
864,What is the chemical formula for phosphoric acid?,H3PO4,H2SO4,HCl,HNO3,A,16,10,Science
865,Which is a type of mutation?,Missense mutation,Nonsense mutation,Both,Neither,C,16,10,Science
866,What is the highest point in North America?,Denali,Whitney,Elbert,Logan,A,16,10,Geography
867,What is 7/12 as a decimal?,0.583,0.5,0.6,0.7,A,16,10,Math
868,Which element is a key component of ATP?,Nitrogen,Phosphorus,Both,Neither,C,16,10,Science
869,Which planet has a moon named Enceladus?,Saturn,Jupiter,Uranus,Neptune,A,16,10,Science
870,What is the capital of Armenia?,Yerevan,Tbilisi,Baku,Sukhumi,A,16,10,Geography
871,"Who wrote ""The American""?",James,Wharton,Cather,Chopin,A,16,10,Literature
872,What is the chemical formula for nitric acid?,HNO3,H2SO4,HCl,H2CO3,A,16,10,Science
873,Which is a type of RNA?,MicroRNA,Small interfering RNA,Both,Neither,C,16,10,Science
874,What is the longest river in Europe?,Volga,Danube,Rhine,Elbe,A,16,10,Geography
875,What is 9/16 as a decimal?,0.5625,0.5,0.6,0.7,A,16,10,Math
876,Which element is a key component of hemoglobin?,Iron,Copper,Zinc,Magnesium,A,16,10,Science
877,Which animal is a arthropod?,Insect,Crustacean,Both,Neither,C,16,10,Science
878,What is the capital of Georgia (country)?,Tbilisi,Yerevan,Baku,Sukhumi,A,16,10,Geography
879,"Who wrote ""The Portrait of a Lady""?",James,Wharton,Cather,Chopin,A,16,10,Literature
880,What is the chemical formula for sulfuric acid?,H2SO4,HCl,HNO3,NaOH,A,16,10,Science
881,Which is a type of protein?,Globulin,Albumin,Both,Neither,C,16,10,Science
882,What is the highest point in Africa?,Kilimanjaro,Kenya,Elbrus,Everest,A,16,10,Geography
883,What is 11/16 as a decimal?,0.6875,0.6,0.7,0.75,A,16,10,Math
884,Which element is a key component of DNA?,Nitrogen,Phosphorus,Both,Neither,C,16,10,Science
885,Which planet has a moon named Titan?,Saturn,Jupiter,Uranus,Neptune,A,16,10,Science
886,What is the capital of Azerbaijan?,Baku,Yerevan,Tbilisi,Sukhumi,A,16,10,Geography
887,"Who wrote ""The Golden Bowl""?",James,Wharton,Cather,Chopin,A,16,10,Literature
888,What is the chemical formula for ammonia?,NH3,CH4,H2O,CO2,A,16,10,Science
889,Which is a type of mutation?,Frameshift mutation,Point mutation,Both,Neither,C,16,10,Science
890,What is the longest river in North America?,Mississippi,Missouri,Colorado,Ohio,B,16,10,Geography
891,What is 5/8 as a decimal?,0.625,0.5,0.75,0.8,A,16,10,Math
892,Which element is a key component of ATP?,Nitrogen,Phosphorus,Both,Neither,C,16,10,Science
893,Which animal is a chordate?,Fish,Bird,Both,Neither,C,16,10,Science
894,What is the capital of Moldova?,Chisinau,Bucharest,Kiev,Minsk,A,16,10,Geography
895,"Who wrote ""The Wings of the Dove""?",James,Wharton,Cather,Chopin,A,16,10,Literature
896,What is the chemical formula for hydrogen sulfide?,H2S,H2SO4,SO2,H2O,A,16,10,Science
897,Which is a type of cell?,Eukaryotic,Prokaryotic,Both,Neither,C,16,10,Science
898,What is the highest point in Australia?,Kosciuszko,Wilhelm,Giluwe,Townsend,A,16,10,Geography
899,What is 3/7 as a decimal?,0.428,0.4,0.5,0.6,A,16,10,Math
900,Which element is a key component of bone?,Calcium,Phosphorus,Both,Neither,C,16,10,Science
901,Which planet has a moon named Callisto?,Jupiter,Saturn,Uranus,Neptune,A,16,10,Science
902,What is the capital of Kyrgyzstan?,Bishkek,Tashkent,Astana,Ashgabat,A,16,10,Geography
903,"Who wrote ""The Bostonians""?",James,Wharton,Cather,Chopin,A,16,10,Literature
904,What is the chemical formula for nitrogen dioxide?,NO2,N2O,NO,N2O4,A,16,10,Science
905,Which is a type of protein?,Histone,Protamine,Both,Neither,C,16,10,Science
906,What is the longest river in South America?,Amazon,Paraná,Orinoco,Madeira,A,16,10,Geography
907,What is 0.625 as a fraction?,5/8,3/8,7/8,1/8,A,16,10,Math
908,Which element is a key component of thyroid hormone?,Iodine,Iron,Zinc,Copper,A,16,10,Science
909,Which animal is a nematode?,Roundworm,Hookworm,Both,Neither,C,16,10,Science
910,What is the capital of Tajikistan?,Dushanbe,Tashkent,Bishkek,Ashgabat,A,16,10,Geography
911,"Who wrote ""The Europeans""?",James,Wharton,Cather,Chopin,A,16,10,Literature
912,What is the chemical formula for sulfur trioxide?,SO3,SO2,H2SO4,H2S,A,16,10,Science
913,Which is a type of mutation?,Deletion,Duplication,Both,Neither,C,16,10,Science
914,What is the highest point in Europe?,Elbrus,Mont Blanc,Whitney,Logan,A,16,10,Geography
915,What is 7/12 as a decimal?,0.583,0.5,0.6,0.7,A,16,10,Math
916,Which element is a key component of bone?,Calcium,Phosphorus,Both,Neither,C,16,10,Science
917,Which planet has a moon named Ganymede?,Jupiter,Saturn,Uranus,Neptune,A,16,10,Science
918,What is the capital of Armenia?,Yerevan,Tbilisi,Baku,Sukhumi,A,16,10,Geography
919,"Who wrote ""The American""?",James,Wharton,Cather,Chopin,A,16,10,Literature
920,What is the chemical formula for hydrochloric acid?,HCl,H2SO4,HNO3,CH3COOH,A,16,10,Science
921,Which is a type of RNA?,mRNA,tRNA,rRNA,All,D,16,10,Science
922,What is the longest river in Asia?,Yangtze,Indus,Ganges,Mekong,A,16,10,Geography
923,What is 9/16 as a percentage?,56.25%,60%,62.5%,65%,A,16,10,Math
924,Which element is a key component of hemoglobin?,Iron,Copper,Zinc,Magnesium,A,16,10,Science
925,Which animal is a mollusk?,Snail,Octopus,Both,Neither,C,16,10,Science
926,What is the capital of Georgia (country)?,Tbilisi,Yerevan,Baku,Sukhumi,A,16,10,Geography
927,"Who wrote ""The Portrait of a Lady""?",James,Wharton,Cather,Chopin,A,16,10,Literature
928,What is the chemical formula for acetic acid?,CH3COOH,H2SO4,HCl,HNO3,A,16,10,Science
929,Which is a type of mutation?,Inversion,Translocation,Both,Neither,C,16,10,Science
930,What is the highest point in Africa?,Kilimanjaro,Kenya,Elbrus,Everest,A,16,10,Geography
931,What is 11/16 as a decimal?,0.6875,0.6,0.7,0.75,A,16,10,Math
932,Which element is a key component of DNA?,Nitrogen,Phosphorus,Both,Neither,C,16,10,Science
933,Which planet has a moon named Titan?,Saturn,Jupiter,Uranus,Neptune,A,16,10,Science
934,What is the capital of Azerbaijan?,Baku,Yerevan,Tbilisi,Sukhumi,A,16,10,Geography
935,"Who wrote ""The Golden Bowl""?",James,Wharton,Cather,Chopin,A,16,10,Literature
936,What is the chemical formula for hydrogen peroxide?,H2O2,H2O,HO2,H2O3,A,16,10,Science
937,Which is a type of protein?,Collagen,Myosin,Both,Neither,C,16,10,Science
938,What is the longest river in North America?,Mississippi,Missouri,Colorado,Ohio,B,16,10,Geography
939,What is 5/8 as a decimal?,0.625,0.5,0.75,0.8,A,16,10,Math
940,Which element is a key component of ATP?,Nitrogen,Phosphorus,Both,Neither,C,16,10,Science
941,Which animal is a nematode?,Roundworm,Hookworm,Both,Neither,C,16,10,Science
942,What is the capital of Moldova?,Chisinau,Bucharest,Kiev,Minsk,A,16,10,Geography
943,"Who wrote ""The Wings of the Dove""?",James,Wharton,Cather,Chopin,A,16,10,Literature
944,What is the chemical formula for nitrogen gas?,N2,N,HN3,NO2,A,16,10,Science
945,Which is a type of mutation?,Point mutation,Chromosomal mutation,Both,Neither,C,16,10,Science
946,What is the highest point in Australia?,Kosciuszko,Wilhelm,Giluwe,Townsend,A,16,10,Geography
947,What is 3/7 as a decimal?,0.428,0.4,0.5,0.6,A,16,10,Math
948,Which element is a key component of bone?,Calcium,Phosphorus,Both,Neither,C,16,10,Science
949,Which planet has a moon named Miranda?,Uranus,Neptune,Saturn,Jupiter,A,16,10,Science
950,What is the capital of Kyrgyzstan?,Bishkek,Tashkent,Astana,Ashgabat,A,16,10,Geography
951,"Who wrote ""The Bostonians""?",James,Wharton,Cather,Chopin,A,16,10,Literature
952,What is the chemical formula for sulfur dioxide?,SO2,SO3,H2SO4,H2S,A,16,10,Science
953,Which is a type of protein?,Keratin,Elastin,Both,Neither,C,16,10,Science
954,What is the longest river in South America?,Amazon,Paraná,Orinoco,Madeira,A,16,10,Geography
955,What is 0.625 as a fraction?,5/8,3/8,7/8,1/8,A,16,10,Math
956,Which element is a key component of thyroid hormone?,Iodine,Iron,Zinc,Copper,A,16,10,Science
957,Which animal is a echinoderm?,Starfish,Sea urchin,Both,Neither,C,16,10,Science
958,What is the capital of Tajikistan?,Dushanbe,Tashkent,Bishkek,Ashgabat,A,16,10,Geography
959,"Who wrote ""The Europeans""?",James,Wharton,Cather,Chopin,A,16,10,Literature
960,What is the chemical formula for phosphoric acid?,H3PO4,H2SO4,HCl,HNO3,A,16,10,Science
961,Which is a type of mutation?,Missense mutation,Nonsense mutation,Both,Neither,C,16,10,Science
962,What is the highest point in North America?,Denali,Whitney,Elbert,Logan,A,16,10,Geography
963,What is 7/12 as a decimal?,0.583,0.5,0.6,0.7,A,16,10,Math
964,Which element is a key component of ATP?,Nitrogen,Phosphorus,Both,Neither,C,16,10,Science
965,Which planet has a moon named Enceladus?,Saturn,Jupiter,Uranus,Neptune,A,16,10,Science
966,What is the capital of Armenia?,Yerevan,Tbilisi,Baku,Sukhumi,A,16,10,Geography
967,"Who wrote ""The American""?",James,Wharton,Cather,Chopin,A,16,10,Literature
968,What is the chemical formula for nitric acid?,HNO3,H2SO4,HCl,H2CO3,A,16,10,Science
969,Which is a type of RNA?,MicroRNA,Small interfering RNA,Both,Neither,C,16,10,Science
970,What is the longest river in Europe?,Volga,Danube,Rhine,Elbe,A,16,10,Geography
971,What is 9/16 as a decimal?,0.5625,0.5,0.6,0.7,A,16,10,Math
972,Which element is a key component of hemoglobin?,Iron,Copper,Zinc,Magnesium,A,16,10,Science
973,Which animal is a arthropod?,Insect,Crustacean,Both,Neither,C,16,10,Science
974,What is the capital of Georgia (country)?,Tbilisi,Yerevan,Baku,Sukhumi,A,16,10,Geography
975,"Who wrote ""The Portrait of a Lady""?",James,Wharton,Cather,Chopin,A,16,10,Literature
976,What is the chemical formula for sulfuric acid?,H2SO4,HCl,HNO3,NaOH,A,16,10,Science
977,Which is a type of protein?,Globulin,Albumin,Both,Neither,C,16,10,Science
978,What is the highest point in Africa?,Kilimanjaro,Kenya,Elbrus,Everest,A,16,10,Geography
979,What is 11/16 as a decimal?,0.6875,0.6,0.7,0.75,A,16,10,Math
980,Which element is a key component of DNA?,Nitrogen,Phosphorus,Both,Neither,C,16,10,Science
981,Which planet has a moon named Titan?,Saturn,Jupiter,Uranus,Neptune,A,16,10,Science
982,What is the capital of Azerbaijan?,Baku,Yerevan,Tbilisi,Sukhumi,A,16,10,Geography
983,"Who wrote ""The Golden Bowl""?",James,Wharton,Cather,Chopin,A,16,10,Literature
984,What is the chemical formula for ammonia?,NH3,CH4,H2O,CO2,A,16,10,Science
985,Which is a type of mutation?,Frameshift mutation,Point mutation,Both,Neither,C,16,10,Science
986,What is the longest river in North America?,Mississippi,Missouri,Colorado,Ohio,B,16,10,Geography
987,What is 5/8 as a decimal?,0.625,0.5,0.75,0.8,A,16,10,Math
988,Which element is a key component of ATP?,Nitrogen,Phosphorus,Both,Neither,C,16,10,Science
989,Which animal is a chordate?,Fish,Bird,Both,Neither,C,16,10,Science
990,What is the capital of Moldova?,Chisinau,Bucharest,Kiev,Minsk,A,16,10,Geography
991,"Who wrote ""The Wings of the Dove""?",James,Wharton,Cather,Chopin,A,16,10,Literature
992,What is the chemical formula for hydrogen sulfide?,H2S,H2SO4,SO2,H2O,A,16,10,Science
993,Which is a type of cell?,Eukaryotic,Prokaryotic,Both,Neither,C,16,10,Science
994,What is the highest point in Australia?,Kosciuszko,Wilhelm,Giluwe,Townsend,A,16,10,Geography
995,What is 3/7 as a decimal?,0.428,0.4,0.5,0.6,A,16,10,Math
996,Which element is a key component of bone?,Calcium,Phosphorus,Both,Neither,C,16,10,Science
997,Which planet has a moon named Callisto?,Jupiter,Saturn,Uranus,Neptune,A,16,10,Science
998,What is the capital of Kyrgyzstan?,Bishkek,Tashkent,Astana,Ashgabat,A,16,10,Geography
999,"Who wrote ""The Bostonians""?",James,Wharton,Cather,Chopin,A,16,10,Literature
1000,What is the chemical formula for nitrogen dioxide?,NO2,N2O,NO,N2O4,A,16,10,Science
1001,Which is a type of protein?,Histone,Protamine,Both,Neither,C,16,10,Science
1002,What is the longest river in South America?,Amazon,Paraná,Orinoco,Madeira,A,16,10,Geography
1003,What is 0.625 as a fraction?,5/8,3/8,7/8,1/8,A,16,10,Math
1004,Which element is a key component of thyroid hormone?,Iodine,Iron,Zinc,Copper,A,16,10,Science
1005,Which animal is a nematode?,Roundworm,Hookworm,Both,Neither,C,16,10,Science
1006,What is the capital of Tajikistan?,Dushanbe,Tashkent,Bishkek,Ashgabat,A,16,10,Geography
1007,"Who wrote ""The Europeans""?",James,Wharton,Cather,Chopin,A,16,10,Literature
1008,What is the chemical formula for sulfur trioxide?,SO3,SO2,H2SO4,H2S,A,16,10,Science
1009,Which is a type of mutation?,Deletion,Duplication,Both,Neither,C,16,10,Science
1010,What is the highest point in Europe?,Elbrus,Mont Blanc,Whitney,Logan,A,16,10,Geography
1011,What is 7/12 as a decimal?,0.583,0.5,0.6,0.7,A,16,10,Math
1012,Which element is a key component of bone?,Calcium,Phosphorus,Both,Neither,C,16,10,Science
1013,Which planet has a moon named Ganymede?,Jupiter,Saturn,Uranus,Neptune,A,16,10,Science
1014,What is the capital of Armenia?,Yerevan,Tbilisi,Baku,Sukhumi,A,16,10,Geography
1015,"Who wrote ""The American""?",James,Wharton,Cather,Chopin,A,16,10,Literature
1016,What is the chemical formula for hydrochloric acid?,HCl,H2SO4,HNO3,CH3COOH,A,16,10,Science
1017,Which is a type of RNA?,mRNA,tRNA,rRNA,All,D,16,10,Science
1018,What is the longest river in Asia?,Yangtze,Indus,Ganges,Mekong,A,16,10,Geography
1019,What is 9/16 as a percentage?,56.25%,60%,62.5%,65%,A,16,10,Math
1020,Which element is a key component of hemoglobin?,Iron,Copper,Zinc,Magnesium,A,16,10,Science
1021,Which animal is a mollusk?,Snail,Octopus,Both,Neither,C,16,10,Science
1022,What is the capital of Georgia (country)?,Tbilisi,Yerevan,Baku,Sukhumi,A,16,10,Geography
1023,"Who wrote ""The Portrait of a Lady""?",James,Wharton,Cather,Chopin,A,16,10,Literature
1024,What is the chemical formula for acetic acid?,CH3COOH,H2SO4,HCl,HNO3,A,16,10,Science